t=2026-09-06T22:37:31+0800 lvl=info msg="no configuration paths supplied"
t=2026-09-06T22:37:31+0800 lvl=info msg="using configuration at default config path" path=C:\Users\user\AppData\Local\ngrok\ngrok.yml
t=2026-09-06T22:37:31+0800 lvl=info msg="open config file" path=C:\Users\user\AppData\Local\ngrok\ngrok.yml err=<nil>
t=2026-09-06T22:37:31+0800 lvl=info msg="FIPS 140 mode" enabled=false
t=2026-09-06T22:37:31+0800 lvl=info msg="starting web service" obj=web addr=127.0.0.1:4040 allow_hosts=[]
t=2026-09-06T22:37:32+0800 lvl=info msg="client session established" obj=tunnels.session
t=2026-09-06T22:37:32+0800 lvl=info msg="tunnel session started" obj=tunnels.session
t=2026-09-06T22:37:32+0800 lvl=info msg="started tunnel" obj=tunnels name=command_line addr=http://localhost:8080 url=https://straw-vice-coping.ngrok-free.dev
t=2026-09-06T22:37:32+0800 lvl=info msg="update available" obj=updater
t=2026-09-06T22:37:43+0800 lvl=info msg=start pg=/api/tunnels id=4675276ed31ef59c
t=2026-09-06T22:37:43+0800 lvl=info msg=end pg=/api/tunnels id=4675276ed31ef59c status=200 dur=0s
t=2026-09-06T22:37:52+0800 lvl=info msg="join connections" obj=join id=a6ed51110283 l=127.0.0.1:8080 r=[2402:7500:5d5:990d:7567:e091:98f7:31d5]:59846
t=2026-09-06T23:01:06+0800 lvl=info msg=start pg=/api/requests/http id=81f58dfd3dbf364b
t=2026-09-06T23:01:06+0800 lvl=info msg=end pg=/api/requests/http id=81f58dfd3dbf364b status=200 dur=1.141ms
t=2026-09-06T23:10:36+0800 lvl=info msg=start pg=/api/requests/http id=6f814e8f440cbca6
t=2026-09-06T23:10:36+0800 lvl=info msg=end pg=/api/requests/http id=6f814e8f440cbca6 status=200 dur=0s
t=2026-09-07T02:33:39+0800 lvl=eror msg="heartbeat timeout, terminating session" obj=tunnels.session obj=csess id=9dd739b9b4fa clientid=124fef86456a3051f51981a511bb7bac
t=2026-09-07T02:33:40+0800 lvl=eror msg="session closed, starting reconnect loop" obj=tunnels.session err="session closed" obj=csess id=f9ce2c14de62
t=2026-09-07T02:33:41+0800 lvl=eror msg="failed to reconnect session" obj=tunnels.session err="failed to dial ngrok server with address \"connect.ngrok-agent.com:443\": dial tcp: lookup connect.ngrok-agent.com: no such host"
t=2026-09-07T02:33:41+0800 lvl=eror msg="failed to reconnect session" obj=tunnels.session err="failed to dial ngrok server with address \"connect.ngrok-agent.com:443\": dial tcp: lookup connect.ngrok-agent.com: no such host"
t=2026-09-07T02:33:42+0800 lvl=eror msg="failed to reconnect session" obj=tunnels.session err="failed to dial ngrok server with address \"connect.ngrok-agent.com:443\": dial tcp: lookup connect.ngrok-agent.com: no such host"
t=2026-09-07T02:33:44+0800 lvl=eror msg="failed to reconnect session" obj=tunnels.session err="failed to dial ngrok server with address \"connect.ngrok-agent.com:443\": dial tcp: lookup connect.ngrok-agent.com: no such host"
t=2026-09-07T02:33:48+0800 lvl=eror msg="failed to reconnect session" obj=tunnels.session err="failed to dial ngrok server with address \"connect.ngrok-agent.com:443\": dial tcp: lookup connect.ngrok-agent.com: no such host"
t=2026-09-07T02:33:56+0800 lvl=eror msg="failed to reconnect session" obj=tunnels.session err="failed to dial ngrok server with address \"connect.ngrok-agent.com:443\": dial tcp: lookup connect.ngrok-agent.com: no such host"
t=2026-09-07T02:34:12+0800 lvl=eror msg="failed to reconnect session" obj=tunnels.session err="failed to dial ngrok server with address \"connect.ngrok-agent.com:443\": dial tcp: lookup connect.ngrok-agent.com: no such host"
t=2026-09-07T02:34:42+0800 lvl=eror msg="failed to reconnect session" obj=tunnels.session err="failed to dial ngrok server with address \"connect.ngrok-agent.com:443\": dial tcp: lookup connect.ngrok-agent.com: no such host"
t=2026-09-07T02:35:12+0800 lvl=eror msg="failed to reconnect session" obj=tunnels.session err="failed to dial ngrok server with address \"connect.ngrok-agent.com:443\": dial tcp: lookup connect.ngrok-agent.com: no such host"
t=2026-09-07T02:35:42+0800 lvl=eror msg="failed to reconnect session" obj=tunnels.session err="failed to dial ngrok server with address \"connect.ngrok-agent.com:443\": dial tcp: lookup connect.ngrok-agent.com: no such host"
t=2026-09-07T02:36:12+0800 lvl=eror msg="failed to reconnect session" obj=tunnels.session err="failed to dial ngrok server with address \"connect.ngrok-agent.com:443\": dial tcp: lookup connect.ngrok-agent.com: no such host"
t=2026-09-07T02:36:42+0800 lvl=eror msg="failed to reconnect session" obj=tunnels.session err="failed to dial ngrok server with address \"connect.ngrok-agent.com:443\": dial tcp: lookup connect.ngrok-agent.com: no such host"
t=2026-09-07T02:37:12+0800 lvl=eror msg="failed to reconnect session" obj=tunnels.session err="failed to dial ngrok server with address \"connect.ngrok-agent.com:443\": dial tcp: lookup connect.ngrok-agent.com: no such host"
t=2026-09-07T02:37:42+0800 lvl=eror msg="failed to reconnect session" obj=tunnels.session err="failed to dial ngrok server with address \"connect.ngrok-agent.com:443\": dial tcp: lookup connect.ngrok-agent.com: no such host"
t=2026-09-07T02:38:12+0800 lvl=eror msg="failed to reconnect session" obj=tunnels.session err="failed to dial ngrok server with address \"connect.ngrok-agent.com:443\": dial tcp: lookup connect.ngrok-agent.com: no such host"
t=2026-09-07T02:38:42+0800 lvl=eror msg="failed to reconnect session" obj=tunnels.session err="failed to dial ngrok server with address \"connect.ngrok-agent.com:443\": dial tcp: lookup connect.ngrok-agent.com: no such host"
t=2026-09-07T02:39:12+0800 lvl=eror msg="failed to reconnect session" obj=tunnels.session err="failed to dial ngrok server with address \"connect.ngrok-agent.com:443\": dial tcp: lookup connect.ngrok-agent.com: no such host"
t=2026-09-07T02:39:42+0800 lvl=eror msg="failed to reconnect session" obj=tunnels.session err="failed to dial ngrok server with address \"connect.ngrok-agent.com:443\": dial tcp: lookup connect.ngrok-agent.com: no such host"
t=2026-09-07T02:40:12+0800 lvl=eror msg="failed to reconnect session" obj=tunnels.session err="failed to dial ngrok server with address \"connect.ngrok-agent.com:443\": dial tcp: lookup connect.ngrok-agent.com: no such host"
t=2026-09-07T02:40:43+0800 lvl=eror msg="failed to reconnect session" obj=tunnels.session err="failed to dial ngrok server with address \"connect.ngrok-agent.com:443\": dial tcp: lookup connect.ngrok-agent.com: no such host"
t=2026-09-07T02:41:13+0800 lvl=eror msg="failed to reconnect session" obj=tunnels.session err="failed to dial ngrok server with address \"connect.ngrok-agent.com:443\": dial tcp: lookup connect.ngrok-agent.com: no such host"
t=2026-09-07T02:41:43+0800 lvl=eror msg="failed to reconnect session" obj=tunnels.session err="failed to dial ngrok server with address \"connect.ngrok-agent.com:443\": dial tcp: lookup connect.ngrok-agent.com: no such host"
t=2026-09-07T02:42:13+0800 lvl=eror msg="failed to reconnect session" obj=tunnels.session err="failed to dial ngrok server with address \"connect.ngrok-agent.com:443\": dial tcp: lookup connect.ngrok-agent.com: no such host"
t=2026-09-07T02:42:43+0800 lvl=eror msg="failed to reconnect session" obj=tunnels.session err="failed to dial ngrok server with address \"connect.ngrok-agent.com:443\": dial tcp: lookup connect.ngrok-agent.com: no such host"
t=2026-09-07T02:43:13+0800 lvl=eror msg="failed to reconnect session" obj=tunnels.session err="failed to dial ngrok server with address \"connect.ngrok-agent.com:443\": dial tcp: lookup connect.ngrok-agent.com: no such host"
t=2026-09-07T02:43:43+0800 lvl=eror msg="failed to reconnect session" obj=tunnels.session err="failed to dial ngrok server with address \"connect.ngrok-agent.com:443\": dial tcp: lookup connect.ngrok-agent.com: no such host"
t=2026-09-07T02:44:13+0800 lvl=eror msg="failed to reconnect session" obj=tunnels.session err="failed to dial ngrok server with address \"connect.ngrok-agent.com:443\": dial tcp: lookup connect.ngrok-agent.com: no such host"
t=2026-09-07T02:44:43+0800 lvl=eror msg="failed to reconnect session" obj=tunnels.session err="failed to dial ngrok server with address \"connect.ngrok-agent.com:443\": dial tcp: lookup connect.ngrok-agent.com: no such host"
t=2026-09-07T02:45:13+0800 lvl=eror msg="failed to reconnect session" obj=tunnels.session err="failed to dial ngrok server with address \"connect.ngrok-agent.com:443\": dial tcp: lookup connect.ngrok-agent.com: no such host"
t=2026-09-07T02:45:43+0800 lvl=eror msg="failed to reconnect session" obj=tunnels.session err="failed to dial ngrok server with address \"connect.ngrok-agent.com:443\": dial tcp: lookup connect.ngrok-agent.com: no such host"
t=2026-09-07T02:46:13+0800 lvl=eror msg="failed to reconnect session" obj=tunnels.session err="failed to dial ngrok server with address \"connect.ngrok-agent.com:443\": dial tcp: lookup connect.ngrok-agent.com: no such host"
t=2026-09-07T02:46:43+0800 lvl=eror msg="failed to reconnect session" obj=tunnels.session err="failed to dial ngrok server with address \"connect.ngrok-agent.com:443\": dial tcp: lookup connect.ngrok-agent.com: no such host"
t=2026-09-07T02:47:13+0800 lvl=eror msg="failed to reconnect session" obj=tunnels.session err="failed to dial ngrok server with address \"connect.ngrok-agent.com:443\": dial tcp: lookup connect.ngrok-agent.com: no such host"
t=2026-09-07T02:47:43+0800 lvl=eror msg="failed to reconnect session" obj=tunnels.session err="failed to dial ngrok server with address \"connect.ngrok-agent.com:443\": dial tcp: lookup connect.ngrok-agent.com: no such host"
t=2026-09-07T02:48:13+0800 lvl=eror msg="failed to reconnect session" obj=tunnels.session err="failed to dial ngrok server with address \"connect.ngrok-agent.com:443\": dial tcp: lookup connect.ngrok-agent.com: no such host"
t=2026-09-07T02:48:43+0800 lvl=eror msg="failed to reconnect session" obj=tunnels.session err="failed to dial ngrok server with address \"connect.ngrok-agent.com:443\": dial tcp: lookup connect.ngrok-agent.com: no such host"
t=2026-09-07T02:49:13+0800 lvl=eror msg="failed to reconnect session" obj=tunnels.session err="failed to dial ngrok server with address \"connect.ngrok-agent.com:443\": dial tcp: lookup connect.ngrok-agent.com: no such host"
t=2026-09-07T02:49:43+0800 lvl=eror msg="failed to reconnect session" obj=tunnels.session err="failed to dial ngrok server with address \"connect.ngrok-agent.com:443\": dial tcp: lookup connect.ngrok-agent.com: no such host"
t=2026-09-07T02:50:13+0800 lvl=eror msg="failed to reconnect session" obj=tunnels.session err="failed to dial ngrok server with address \"connect.ngrok-agent.com:443\": dial tcp: lookup connect.ngrok-agent.com: no such host"
t=2026-09-07T02:50:43+0800 lvl=eror msg="failed to reconnect session" obj=tunnels.session err="failed to dial ngrok server with address \"connect.ngrok-agent.com:443\": dial tcp: lookup connect.ngrok-agent.com: no such host"
t=2026-09-07T02:51:13+0800 lvl=eror msg="failed to reconnect session" obj=tunnels.session err="failed to dial ngrok server with address \"connect.ngrok-agent.com:443\": dial tcp: lookup connect.ngrok-agent.com: no such host"
t=2026-09-07T02:51:43+0800 lvl=eror msg="failed to reconnect session" obj=tunnels.session err="failed to dial ngrok server with address \"connect.ngrok-agent.com:443\": dial tcp: lookup connect.ngrok-agent.com: no such host"
t=2026-09-07T02:52:13+0800 lvl=eror msg="failed to reconnect session" obj=tunnels.session err="failed to dial ngrok server with address \"connect.ngrok-agent.com:443\": dial tcp: lookup connect.ngrok-agent.com: no such host"
t=2026-09-07T02:52:43+0800 lvl=eror msg="failed to reconnect session" obj=tunnels.session err="failed to dial ngrok server with address \"connect.ngrok-agent.com:443\": dial tcp: lookup connect.ngrok-agent.com: no such host"
t=2026-09-07T02:53:13+0800 lvl=eror msg="failed to reconnect session" obj=tunnels.session err="failed to dial ngrok server with address \"connect.ngrok-agent.com:443\": dial tcp: lookup connect.ngrok-agent.com: no such host"
t=2026-09-07T02:53:43+0800 lvl=eror msg="failed to reconnect session" obj=tunnels.session err="failed to dial ngrok server with address \"connect.ngrok-agent.com:443\": dial tcp: lookup connect.ngrok-agent.com: no such host"
t=2026-09-07T02:54:13+0800 lvl=eror msg="failed to reconnect session" obj=tunnels.session err="failed to dial ngrok server with address \"connect.ngrok-agent.com:443\": dial tcp: lookup connect.ngrok-agent.com: no such host"
t=2026-09-07T02:54:43+0800 lvl=eror msg="failed to reconnect session" obj=tunnels.session err="failed to dial ngrok server with address \"connect.ngrok-agent.com:443\": dial tcp: lookup connect.ngrok-agent.com: no such host"
t=2026-09-07T02:55:13+0800 lvl=eror msg="failed to reconnect session" obj=tunnels.session err="failed to dial ngrok server with address \"connect.ngrok-agent.com:443\": dial tcp: lookup connect.ngrok-agent.com: no such host"
t=2026-09-07T02:55:43+0800 lvl=eror msg="failed to reconnect session" obj=tunnels.session err="failed to dial ngrok server with address \"connect.ngrok-agent.com:443\": dial tcp: lookup connect.ngrok-agent.com: no such host"
t=2026-09-07T02:56:13+0800 lvl=eror msg="failed to reconnect session" obj=tunnels.session err="failed to dial ngrok server with address \"connect.ngrok-agent.com:443\": dial tcp: lookup connect.ngrok-agent.com: no such host"
t=2026-09-07T02:56:43+0800 lvl=eror msg="failed to reconnect session" obj=tunnels.session err="failed to dial ngrok server with address \"connect.ngrok-agent.com:443\": dial tcp: lookup connect.ngrok-agent.com: no such host"
t=2026-09-07T02:57:13+0800 lvl=eror msg="failed to reconnect session" obj=tunnels.session err="failed to dial ngrok server with address \"connect.ngrok-agent.com:443\": dial tcp: lookup connect.ngrok-agent.com: no such host"
t=2026-09-07T02:57:43+0800 lvl=eror msg="failed to reconnect session" obj=tunnels.session err="failed to dial ngrok server with address \"connect.ngrok-agent.com:443\": dial tcp: lookup connect.ngrok-agent.com: no such host"
t=2026-09-07T02:58:13+0800 lvl=eror msg="failed to reconnect session" obj=tunnels.session err="failed to dial ngrok server with address \"connect.ngrok-agent.com:443\": dial tcp: lookup connect.ngrok-agent.com: no such host"
t=2026-09-07T02:58:43+0800 lvl=eror msg="failed to reconnect session" obj=tunnels.session err="failed to dial ngrok server with address \"connect.ngrok-agent.com:443\": dial tcp: lookup connect.ngrok-agent.com: no such host"
t=2026-09-07T02:59:13+0800 lvl=eror msg="failed to reconnect session" obj=tunnels.session err="failed to dial ngrok server with address \"connect.ngrok-agent.com:443\": dial tcp: lookup connect.ngrok-agent.com: no such host"
t=2026-09-07T02:59:43+0800 lvl=eror msg="failed to reconnect session" obj=tunnels.session err="failed to dial ngrok server with address \"connect.ngrok-agent.com:443\": dial tcp: lookup connect.ngrok-agent.com: no such host"
t=2026-09-07T03:00:13+0800 lvl=eror msg="failed to reconnect session" obj=tunnels.session err="failed to dial ngrok server with address \"connect.ngrok-agent.com:443\": dial tcp: lookup connect.ngrok-agent.com: no such host"
t=2026-09-07T03:00:43+0800 lvl=eror msg="failed to reconnect session" obj=tunnels.session err="failed to dial ngrok server with address \"connect.ngrok-agent.com:443\": dial tcp: lookup connect.ngrok-agent.com: no such host"
t=2026-09-07T03:01:13+0800 lvl=eror msg="failed to reconnect session" obj=tunnels.session err="failed to dial ngrok server with address \"connect.ngrok-agent.com:443\": dial tcp: lookup connect.ngrok-agent.com: no such host"
t=2026-09-07T03:01:43+0800 lvl=eror msg="failed to reconnect session" obj=tunnels.session err="failed to dial ngrok server with address \"connect.ngrok-agent.com:443\": dial tcp: lookup connect.ngrok-agent.com: no such host"
t=2026-09-07T03:02:13+0800 lvl=eror msg="failed to reconnect session" obj=tunnels.session err="failed to dial ngrok server with address \"connect.ngrok-agent.com:443\": dial tcp: lookup connect.ngrok-agent.com: no such host"
t=2026-09-07T03:02:43+0800 lvl=eror msg="failed to reconnect session" obj=tunnels.session err="failed to dial ngrok server with address \"connect.ngrok-agent.com:443\": dial tcp: lookup connect.ngrok-agent.com: no such host"
t=2026-09-07T03:03:13+0800 lvl=eror msg="failed to reconnect session" obj=tunnels.session err="failed to dial ngrok server with address \"connect.ngrok-agent.com:443\": dial tcp: lookup connect.ngrok-agent.com: no such host"
t=2026-09-07T03:03:43+0800 lvl=eror msg="failed to reconnect session" obj=tunnels.session err="failed to dial ngrok server with address \"connect.ngrok-agent.com:443\": dial tcp: lookup connect.ngrok-agent.com: no such host"
t=2026-09-07T03:04:13+0800 lvl=eror msg="failed to reconnect session" obj=tunnels.session err="failed to dial ngrok server with address \"connect.ngrok-agent.com:443\": dial tcp: lookup connect.ngrok-agent.com: no such host"
t=2026-09-07T03:04:43+0800 lvl=eror msg="failed to reconnect session" obj=tunnels.session err="failed to dial ngrok server with address \"connect.ngrok-agent.com:443\": dial tcp: lookup connect.ngrok-agent.com: no such host"
t=2026-09-07T03:05:13+0800 lvl=eror msg="failed to reconnect session" obj=tunnels.session err="failed to dial ngrok server with address \"connect.ngrok-agent.com:443\": dial tcp: lookup connect.ngrok-agent.com: no such host"
t=2026-09-07T03:05:43+0800 lvl=eror msg="failed to reconnect session" obj=tunnels.session err="failed to dial ngrok server with address \"connect.ngrok-agent.com:443\": dial tcp: lookup connect.ngrok-agent.com: no such host"
t=2026-09-07T03:06:13+0800 lvl=eror msg="failed to reconnect session" obj=tunnels.session err="failed to dial ngrok server with address \"connect.ngrok-agent.com:443\": dial tcp: lookup connect.ngrok-agent.com: no such host"
t=2026-09-07T03:06:43+0800 lvl=eror msg="failed to reconnect session" obj=tunnels.session err="failed to dial ngrok server with address \"connect.ngrok-agent.com:443\": dial tcp: lookup connect.ngrok-agent.com: no such host"
t=2026-09-07T03:07:13+0800 lvl=eror msg="failed to reconnect session" obj=tunnels.session err="failed to dial ngrok server with address \"connect.ngrok-agent.com:443\": dial tcp: lookup connect.ngrok-agent.com: no such host"
t=2026-09-07T03:07:43+0800 lvl=eror msg="failed to reconnect session" obj=tunnels.session err="failed to dial ngrok server with address \"connect.ngrok-agent.com:443\": dial tcp: lookup connect.ngrok-agent.com: no such host"
t=2026-09-07T03:08:13+0800 lvl=eror msg="failed to reconnect session" obj=tunnels.session err="failed to dial ngrok server with address \"connect.ngrok-agent.com:443\": dial tcp: lookup connect.ngrok-agent.com: no such host"
t=2026-09-07T03:08:43+0800 lvl=eror msg="failed to reconnect session" obj=tunnels.session err="failed to dial ngrok server with address \"connect.ngrok-agent.com:443\": dial tcp: lookup connect.ngrok-agent.com: no such host"
t=2026-09-07T03:09:13+0800 lvl=eror msg="failed to reconnect session" obj=tunnels.session err="failed to dial ngrok server with address \"connect.ngrok-agent.com:443\": dial tcp: lookup connect.ngrok-agent.com: no such host"
t=2026-09-07T03:09:43+0800 lvl=eror msg="failed to reconnect session" obj=tunnels.session err="failed to dial ngrok server with address \"connect.ngrok-agent.com:443\": dial tcp: lookup connect.ngrok-agent.com: no such host"
t=2026-09-07T03:10:13+0800 lvl=eror msg="failed to reconnect session" obj=tunnels.session err="failed to dial ngrok server with address \"connect.ngrok-agent.com:443\": dial tcp: lookup connect.ngrok-agent.com: no such host"
t=2026-09-07T03:10:43+0800 lvl=eror msg="failed to reconnect session" obj=tunnels.session err="failed to dial ngrok server with address \"connect.ngrok-agent.com:443\": dial tcp: lookup connect.ngrok-agent.com: no such host"
t=2026-09-07T03:11:13+0800 lvl=eror msg="failed to reconnect session" obj=tunnels.session err="failed to dial ngrok server with address \"connect.ngrok-agent.com:443\": dial tcp: lookup connect.ngrok-agent.com: no such host"
t=2026-09-07T03:11:43+0800 lvl=eror msg="failed to reconnect session" obj=tunnels.session err="failed to dial ngrok server with address \"connect.ngrok-agent.com:443\": dial tcp: lookup connect.ngrok-agent.com: no such host"
t=2026-09-07T03:12:13+0800 lvl=eror msg="failed to reconnect session" obj=tunnels.session err="failed to dial ngrok server with address \"connect.ngrok-agent.com:443\": dial tcp: lookup connect.ngrok-agent.com: no such host"
t=2026-09-07T03:12:43+0800 lvl=eror msg="failed to reconnect session" obj=tunnels.session err="failed to dial ngrok server with address \"connect.ngrok-agent.com:443\": dial tcp: lookup connect.ngrok-agent.com: no such host"
t=2026-09-07T03:13:13+0800 lvl=eror msg="failed to reconnect session" obj=tunnels.session err="failed to dial ngrok server with address \"connect.ngrok-agent.com:443\": dial tcp: lookup connect.ngrok-agent.com: no such host"
t=2026-09-07T03:13:43+0800 lvl=eror msg="failed to reconnect session" obj=tunnels.session err="failed to dial ngrok server with address \"connect.ngrok-agent.com:443\": dial tcp: lookup connect.ngrok-agent.com: no such host"
t=2026-09-07T03:14:13+0800 lvl=eror msg="failed to reconnect session" obj=tunnels.session err="failed to dial ngrok server with address \"connect.ngrok-agent.com:443\": dial tcp: lookup connect.ngrok-agent.com: no such host"
t=2026-09-07T03:14:43+0800 lvl=eror msg="failed to reconnect session" obj=tunnels.session err="failed to dial ngrok server with address \"connect.ngrok-agent.com:443\": dial tcp: lookup connect.ngrok-agent.com: no such host"
t=2026-09-07T03:15:13+0800 lvl=eror msg="failed to reconnect session" obj=tunnels.session err="failed to dial ngrok server with address \"connect.ngrok-agent.com:443\": dial tcp: lookup connect.ngrok-agent.com: no such host"
t=2026-09-07T03:15:43+0800 lvl=eror msg="failed to reconnect session" obj=tunnels.session err="failed to dial ngrok server with address \"connect.ngrok-agent.com:443\": dial tcp: lookup connect.ngrok-agent.com: no such host"
t=2026-09-07T03:16:13+0800 lvl=eror msg="failed to reconnect session" obj=tunnels.session err="failed to dial ngrok server with address \"connect.ngrok-agent.com:443\": dial tcp: lookup connect.ngrok-agent.com: no such host"
t=2026-09-07T03:16:43+0800 lvl=eror msg="failed to reconnect session" obj=tunnels.session err="failed to dial ngrok server with address \"connect.ngrok-agent.com:443\": dial tcp: lookup connect.ngrok-agent.com: no such host"
t=2026-09-07T03:17:13+0800 lvl=eror msg="failed to reconnect session" obj=tunnels.session err="failed to dial ngrok server with address \"connect.ngrok-agent.com:443\": dial tcp: lookup connect.ngrok-agent.com: no such host"
t=2026-09-07T03:17:43+0800 lvl=eror msg="failed to reconnect session" obj=tunnels.session err="failed to dial ngrok server with address \"connect.ngrok-agent.com:443\": dial tcp: lookup connect.ngrok-agent.com: no such host"
t=2026-09-07T03:18:13+0800 lvl=eror msg="failed to reconnect session" obj=tunnels.session err="failed to dial ngrok server with address \"connect.ngrok-agent.com:443\": dial tcp: lookup connect.ngrok-agent.com: no such host"
t=2026-09-07T03:18:43+0800 lvl=eror msg="failed to reconnect session" obj=tunnels.session err="failed to dial ngrok server with address \"connect.ngrok-agent.com:443\": dial tcp: lookup connect.ngrok-agent.com: no such host"
t=2026-09-07T03:19:14+0800 lvl=eror msg="failed to reconnect session" obj=tunnels.session err="failed to dial ngrok server with address \"connect.ngrok-agent.com:443\": dial tcp: lookup connect.ngrok-agent.com: no such host"
t=2026-09-07T03:19:44+0800 lvl=eror msg="failed to reconnect session" obj=tunnels.session err="failed to dial ngrok server with address \"connect.ngrok-agent.com:443\": dial tcp: lookup connect.ngrok-agent.com: no such host"
t=2026-09-07T03:20:14+0800 lvl=eror msg="failed to reconnect session" obj=tunnels.session err="failed to dial ngrok server with address \"connect.ngrok-agent.com:443\": dial tcp: lookup connect.ngrok-agent.com: no such host"
t=2026-09-07T03:20:44+0800 lvl=eror msg="failed to reconnect session" obj=tunnels.session err="failed to dial ngrok server with address \"connect.ngrok-agent.com:443\": dial tcp: lookup connect.ngrok-agent.com: no such host"
t=2026-09-07T03:21:14+0800 lvl=eror msg="failed to reconnect session" obj=tunnels.session err="failed to dial ngrok server with address \"connect.ngrok-agent.com:443\": dial tcp: lookup connect.ngrok-agent.com: no such host"
t=2026-09-07T03:21:44+0800 lvl=eror msg="failed to reconnect session" obj=tunnels.session err="failed to dial ngrok server with address \"connect.ngrok-agent.com:443\": dial tcp: lookup connect.ngrok-agent.com: no such host"
t=2026-09-07T03:22:14+0800 lvl=eror msg="failed to reconnect session" obj=tunnels.session err="failed to dial ngrok server with address \"connect.ngrok-agent.com:443\": dial tcp: lookup connect.ngrok-agent.com: no such host"
t=2026-09-07T03:22:44+0800 lvl=eror msg="failed to reconnect session" obj=tunnels.session err="failed to dial ngrok server with address \"connect.ngrok-agent.com:443\": dial tcp: lookup connect.ngrok-agent.com: no such host"
t=2026-09-07T03:23:14+0800 lvl=eror msg="failed to reconnect session" obj=tunnels.session err="failed to dial ngrok server with address \"connect.ngrok-agent.com:443\": dial tcp: lookup connect.ngrok-agent.com: no such host"
t=2026-09-07T03:23:48+0800 lvl=info msg="client session established" obj=tunnels.session
t=2026-09-07T03:23:48+0800 lvl=info msg="tunnel session started" obj=tunnels.session
t=2026-09-08T02:43:20+0800 lvl=eror msg="heartbeat timeout, terminating session" obj=tunnels.session obj=csess id=27834770010c clientid=124fef86456a3051f51981a511bb7bac
t=2026-09-08T02:43:20+0800 lvl=eror msg="session closed, starting reconnect loop" obj=tunnels.session obj=csess id=f9ce2c14de62 err="session closed"
t=2026-09-08T02:43:22+0800 lvl=eror msg="failed to reconnect session" obj=tunnels.session err="failed to dial ngrok server with address \"connect.ngrok-agent.com:443\": dial tcp: lookup connect.ngrok-agent.com: no such host"
t=2026-09-08T02:43:23+0800 lvl=eror msg="failed to reconnect session" obj=tunnels.session err="failed to dial ngrok server with address \"connect.ngrok-agent.com:443\": dial tcp: lookup connect.ngrok-agent.com: no such host"
t=2026-09-08T02:43:24+0800 lvl=eror msg="failed to reconnect session" obj=tunnels.session err="failed to dial ngrok server with address \"connect.ngrok-agent.com:443\": dial tcp: lookup connect.ngrok-agent.com: no such host"
t=2026-09-08T02:43:25+0800 lvl=warn msg="failed to check for update" obj=updater err="Post \"https://update.ngrok-agent.com/check\": context deadline exceeded"
t=2026-09-08T02:43:26+0800 lvl=eror msg="failed to reconnect session" obj=tunnels.session err="failed to dial ngrok server with address \"connect.ngrok-agent.com:443\": dial tcp: lookup connect.ngrok-agent.com: no such host"
t=2026-09-08T02:43:30+0800 lvl=eror msg="failed to reconnect session" obj=tunnels.session err="failed to dial ngrok server with address \"connect.ngrok-agent.com:443\": dial tcp: lookup connect.ngrok-agent.com: no such host"
t=2026-09-08T02:43:38+0800 lvl=eror msg="failed to reconnect session" obj=tunnels.session err="failed to dial ngrok server with address \"connect.ngrok-agent.com:443\": dial tcp: lookup connect.ngrok-agent.com: no such host"
t=2026-09-08T02:43:54+0800 lvl=eror msg="failed to reconnect session" obj=tunnels.session err="failed to dial ngrok server with address \"connect.ngrok-agent.com:443\": dial tcp: lookup connect.ngrok-agent.com: no such host"
t=2026-09-08T02:44:24+0800 lvl=eror msg="failed to reconnect session" obj=tunnels.session err="failed to dial ngrok server with address \"connect.ngrok-agent.com:443\": dial tcp: lookup connect.ngrok-agent.com: no such host"
t=2026-09-08T02:44:54+0800 lvl=eror msg="failed to reconnect session" obj=tunnels.session err="failed to dial ngrok server with address \"connect.ngrok-agent.com:443\": dial tcp: lookup connect.ngrok-agent.com: no such host"
t=2026-09-08T02:45:24+0800 lvl=eror msg="failed to reconnect session" obj=tunnels.session err="failed to dial ngrok server with address \"connect.ngrok-agent.com:443\": dial tcp: lookup connect.ngrok-agent.com: no such host"
t=2026-09-08T02:45:55+0800 lvl=info msg="client session established" obj=tunnels.session
t=2026-09-08T02:45:55+0800 lvl=info msg="tunnel session started" obj=tunnels.session
t=2026-09-08T22:43:15+0800 lvl=eror msg="heartbeat timeout, terminating session" obj=tunnels.session id=fe8d8329450b clientid=124fef86456a3051f51981a511bb7bac obj=csess
t=2026-09-08T22:43:15+0800 lvl=eror msg="session closed, starting reconnect loop" obj=tunnels.session obj=csess id=f9ce2c14de62 err="session closed"
t=2026-09-08T22:43:16+0800 lvl=eror msg="failed to reconnect session" obj=tunnels.session err="failed to dial ngrok server with address \"connect.ngrok-agent.com:443\": dial tcp: lookup connect.ngrok-agent.com: no such host"
t=2026-09-08T22:43:17+0800 lvl=eror msg="failed to reconnect session" obj=tunnels.session err="failed to dial ngrok server with address \"connect.ngrok-agent.com:443\": dial tcp: lookup connect.ngrok-agent.com: no such host"
t=2026-09-08T22:43:21+0800 lvl=eror msg="failed to reconnect session" obj=tunnels.session err="failed to dial ngrok server with address \"connect.ngrok-agent.com:443\": dial tcp: lookup connect.ngrok-agent.com: no such host"
t=2026-09-08T22:43:23+0800 lvl=eror msg="failed to reconnect session" obj=tunnels.session err="failed to dial ngrok server with address \"connect.ngrok-agent.com:443\": dial tcp: lookup connect.ngrok-agent.com: no such host"
t=2026-09-08T22:43:27+0800 lvl=eror msg="failed to reconnect session" obj=tunnels.session err="failed to dial ngrok server with address \"connect.ngrok-agent.com:443\": dial tcp: lookup connect.ngrok-agent.com: no such host"
t=2026-09-08T22:43:35+0800 lvl=eror msg="failed to reconnect session" obj=tunnels.session err="failed to dial ngrok server with address \"connect.ngrok-agent.com:443\": dial tcp: lookup connect.ngrok-agent.com: no such host"
t=2026-09-08T22:43:51+0800 lvl=eror msg="failed to reconnect session" obj=tunnels.session err="failed to dial ngrok server with address \"connect.ngrok-agent.com:443\": dial tcp: lookup connect.ngrok-agent.com: no such host"
t=2026-09-08T22:44:21+0800 lvl=eror msg="failed to reconnect session" obj=tunnels.session err="failed to dial ngrok server with address \"connect.ngrok-agent.com:443\": dial tcp: lookup connect.ngrok-agent.com: no such host"
t=2026-09-08T22:44:51+0800 lvl=eror msg="failed to reconnect session" obj=tunnels.session err="failed to dial ngrok server with address \"connect.ngrok-agent.com:443\": dial tcp: lookup connect.ngrok-agent.com: no such host"
t=2026-09-08T22:45:21+0800 lvl=eror msg="failed to reconnect session" obj=tunnels.session err="failed to dial ngrok server with address \"connect.ngrok-agent.com:443\": dial tcp: lookup connect.ngrok-agent.com: no such host"
t=2026-09-08T22:45:51+0800 lvl=eror msg="failed to reconnect session" obj=tunnels.session err="failed to dial ngrok server with address \"connect.ngrok-agent.com:443\": dial tcp: lookup connect.ngrok-agent.com: no such host"
t=2026-09-08T22:46:21+0800 lvl=eror msg="failed to reconnect session" obj=tunnels.session err="failed to dial ngrok server with address \"connect.ngrok-agent.com:443\": dial tcp: lookup connect.ngrok-agent.com: no such host"
t=2026-09-08T22:46:51+0800 lvl=eror msg="failed to reconnect session" obj=tunnels.session err="failed to dial ngrok server with address \"connect.ngrok-agent.com:443\": dial tcp: lookup connect.ngrok-agent.com: no such host"
t=2026-09-08T22:47:21+0800 lvl=eror msg="failed to reconnect session" obj=tunnels.session err="failed to dial ngrok server with address \"connect.ngrok-agent.com:443\": dial tcp: lookup connect.ngrok-agent.com: no such host"
t=2026-09-08T22:47:51+0800 lvl=eror msg="failed to reconnect session" obj=tunnels.session err="failed to dial ngrok server with address \"connect.ngrok-agent.com:443\": dial tcp: lookup connect.ngrok-agent.com: no such host"
t=2026-09-08T22:48:21+0800 lvl=eror msg="failed to reconnect session" obj=tunnels.session err="failed to dial ngrok server with address \"connect.ngrok-agent.com:443\": dial tcp: lookup connect.ngrok-agent.com: no such host"
t=2026-09-08T22:48:51+0800 lvl=eror msg="failed to reconnect session" obj=tunnels.session err="failed to dial ngrok server with address \"connect.ngrok-agent.com:443\": dial tcp: lookup connect.ngrok-agent.com: no such host"
t=2026-09-08T22:49:21+0800 lvl=eror msg="failed to reconnect session" obj=tunnels.session err="failed to dial ngrok server with address \"connect.ngrok-agent.com:443\": dial tcp: lookup connect.ngrok-agent.com: no such host"
t=2026-09-08T22:49:51+0800 lvl=eror msg="failed to reconnect session" obj=tunnels.session err="failed to dial ngrok server with address \"connect.ngrok-agent.com:443\": dial tcp: lookup connect.ngrok-agent.com: no such host"
t=2026-09-08T22:50:21+0800 lvl=eror msg="failed to reconnect session" obj=tunnels.session err="failed to dial ngrok server with address \"connect.ngrok-agent.com:443\": dial tcp: lookup connect.ngrok-agent.com: no such host"
t=2026-09-08T22:50:51+0800 lvl=eror msg="failed to reconnect session" obj=tunnels.session err="failed to dial ngrok server with address \"connect.ngrok-agent.com:443\": dial tcp: lookup connect.ngrok-agent.com: no such host"
t=2026-09-08T22:51:21+0800 lvl=eror msg="failed to reconnect session" obj=tunnels.session err="failed to dial ngrok server with address \"connect.ngrok-agent.com:443\": dial tcp: lookup connect.ngrok-agent.com: no such host"
t=2026-09-08T22:51:51+0800 lvl=eror msg="failed to reconnect session" obj=tunnels.session err="failed to dial ngrok server with address \"connect.ngrok-agent.com:443\": dial tcp: lookup connect.ngrok-agent.com: no such host"
t=2026-09-08T22:52:21+0800 lvl=eror msg="failed to reconnect session" obj=tunnels.session err="failed to dial ngrok server with address \"connect.ngrok-agent.com:443\": dial tcp: lookup connect.ngrok-agent.com: no such host"
t=2026-09-08T22:52:51+0800 lvl=eror msg="failed to reconnect session" obj=tunnels.session err="failed to dial ngrok server with address \"connect.ngrok-agent.com:443\": dial tcp: lookup connect.ngrok-agent.com: no such host"
t=2026-09-08T22:53:21+0800 lvl=eror msg="failed to reconnect session" obj=tunnels.session err="failed to dial ngrok server with address \"connect.ngrok-agent.com:443\": dial tcp: lookup connect.ngrok-agent.com: no such host"
t=2026-09-08T22:53:51+0800 lvl=eror msg="failed to reconnect session" obj=tunnels.session err="failed to dial ngrok server with address \"connect.ngrok-agent.com:443\": dial tcp: lookup connect.ngrok-agent.com: no such host"
t=2026-09-08T22:54:21+0800 lvl=eror msg="failed to reconnect session" obj=tunnels.session err="failed to dial ngrok server with address \"connect.ngrok-agent.com:443\": dial tcp: lookup connect.ngrok-agent.com: no such host"
t=2026-09-08T22:54:51+0800 lvl=eror msg="failed to reconnect session" obj=tunnels.session err="failed to dial ngrok server with address \"connect.ngrok-agent.com:443\": dial tcp: lookup connect.ngrok-agent.com: no such host"
t=2026-09-08T22:55:21+0800 lvl=eror msg="failed to reconnect session" obj=tunnels.session err="failed to dial ngrok server with address \"connect.ngrok-agent.com:443\": dial tcp: lookup connect.ngrok-agent.com: no such host"
t=2026-09-08T22:55:51+0800 lvl=eror msg="failed to reconnect session" obj=tunnels.session err="failed to dial ngrok server with address \"connect.ngrok-agent.com:443\": dial tcp: lookup connect.ngrok-agent.com: no such host"
t=2026-09-08T22:56:21+0800 lvl=eror msg="failed to reconnect session" obj=tunnels.session err="failed to dial ngrok server with address \"connect.ngrok-agent.com:443\": dial tcp: lookup connect.ngrok-agent.com: no such host"
t=2026-09-08T22:56:51+0800 lvl=eror msg="failed to reconnect session" obj=tunnels.session err="failed to dial ngrok server with address \"connect.ngrok-agent.com:443\": dial tcp: lookup connect.ngrok-agent.com: no such host"
t=2026-09-08T22:57:21+0800 lvl=eror msg="failed to reconnect session" obj=tunnels.session err="failed to dial ngrok server with address \"connect.ngrok-agent.com:443\": dial tcp: lookup connect.ngrok-agent.com: no such host"
t=2026-09-08T22:57:51+0800 lvl=eror msg="failed to reconnect session" obj=tunnels.session err="failed to dial ngrok server with address \"connect.ngrok-agent.com:443\": dial tcp: lookup connect.ngrok-agent.com: no such host"
t=2026-09-08T22:58:21+0800 lvl=eror msg="failed to reconnect session" obj=tunnels.session err="failed to dial ngrok server with address \"connect.ngrok-agent.com:443\": dial tcp: lookup connect.ngrok-agent.com: no such host"
t=2026-09-08T22:58:51+0800 lvl=eror msg="failed to reconnect session" obj=tunnels.session err="failed to dial ngrok server with address \"connect.ngrok-agent.com:443\": dial tcp: lookup connect.ngrok-agent.com: no such host"
t=2026-09-08T22:59:21+0800 lvl=eror msg="failed to reconnect session" obj=tunnels.session err="failed to dial ngrok server with address \"connect.ngrok-agent.com:443\": dial tcp: lookup connect.ngrok-agent.com: no such host"
t=2026-09-08T22:59:51+0800 lvl=eror msg="failed to reconnect session" obj=tunnels.session err="failed to dial ngrok server with address \"connect.ngrok-agent.com:443\": dial tcp: lookup connect.ngrok-agent.com: no such host"
t=2026-09-08T23:00:21+0800 lvl=eror msg="failed to reconnect session" obj=tunnels.session err="failed to dial ngrok server with address \"connect.ngrok-agent.com:443\": dial tcp: lookup connect.ngrok-agent.com: no such host"
t=2026-09-08T23:00:51+0800 lvl=eror msg="failed to reconnect session" obj=tunnels.session err="failed to dial ngrok server with address \"connect.ngrok-agent.com:443\": dial tcp: lookup connect.ngrok-agent.com: no such host"
t=2026-09-08T23:01:21+0800 lvl=eror msg="failed to reconnect session" obj=tunnels.session err="failed to dial ngrok server with address \"connect.ngrok-agent.com:443\": dial tcp: lookup connect.ngrok-agent.com: no such host"
t=2026-09-08T23:01:51+0800 lvl=eror msg="failed to reconnect session" obj=tunnels.session err="failed to dial ngrok server with address \"connect.ngrok-agent.com:443\": dial tcp: lookup connect.ngrok-agent.com: no such host"
t=2026-09-08T23:02:21+0800 lvl=eror msg="failed to reconnect session" obj=tunnels.session err="failed to dial ngrok server with address \"connect.ngrok-agent.com:443\": dial tcp: lookup connect.ngrok-agent.com: no such host"
t=2026-09-08T23:02:51+0800 lvl=eror msg="failed to reconnect session" obj=tunnels.session err="failed to dial ngrok server with address \"connect.ngrok-agent.com:443\": dial tcp: lookup connect.ngrok-agent.com: no such host"
t=2026-09-08T23:03:21+0800 lvl=eror msg="failed to reconnect session" obj=tunnels.session err="failed to dial ngrok server with address \"connect.ngrok-agent.com:443\": dial tcp: lookup connect.ngrok-agent.com: no such host"
t=2026-09-08T23:03:52+0800 lvl=eror msg="failed to reconnect session" obj=tunnels.session err="failed to dial ngrok server with address \"connect.ngrok-agent.com:443\": dial tcp: lookup connect.ngrok-agent.com: no such host"
t=2026-09-08T23:04:22+0800 lvl=eror msg="failed to reconnect session" obj=tunnels.session err="failed to dial ngrok server with address \"connect.ngrok-agent.com:443\": dial tcp: lookup connect.ngrok-agent.com: no such host"
t=2026-09-08T23:04:52+0800 lvl=eror msg="failed to reconnect session" obj=tunnels.session err="failed to dial ngrok server with address \"connect.ngrok-agent.com:443\": dial tcp: lookup connect.ngrok-agent.com: no such host"
t=2026-09-08T23:05:22+0800 lvl=eror msg="failed to reconnect session" obj=tunnels.session err="failed to dial ngrok server with address \"connect.ngrok-agent.com:443\": dial tcp: lookup connect.ngrok-agent.com: no such host"
t=2026-09-08T23:05:52+0800 lvl=eror msg="failed to reconnect session" obj=tunnels.session err="failed to dial ngrok server with address \"connect.ngrok-agent.com:443\": dial tcp: lookup connect.ngrok-agent.com: no such host"
t=2026-09-08T23:06:22+0800 lvl=eror msg="failed to reconnect session" obj=tunnels.session err="failed to dial ngrok server with address \"connect.ngrok-agent.com:443\": dial tcp: lookup connect.ngrok-agent.com: no such host"
t=2026-09-08T23:06:52+0800 lvl=eror msg="failed to reconnect session" obj=tunnels.session err="failed to dial ngrok server with address \"connect.ngrok-agent.com:443\": dial tcp: lookup connect.ngrok-agent.com: no such host"
t=2026-09-08T23:07:22+0800 lvl=eror msg="failed to reconnect session" obj=tunnels.session err="failed to dial ngrok server with address \"connect.ngrok-agent.com:443\": dial tcp: lookup connect.ngrok-agent.com: no such host"
t=2026-09-08T23:07:52+0800 lvl=eror msg="failed to reconnect session" obj=tunnels.session err="failed to dial ngrok server with address \"connect.ngrok-agent.com:443\": dial tcp: lookup connect.ngrok-agent.com: no such host"
t=2026-09-08T23:08:22+0800 lvl=eror msg="failed to reconnect session" obj=tunnels.session err="failed to dial ngrok server with address \"connect.ngrok-agent.com:443\": dial tcp: lookup connect.ngrok-agent.com: no such host"
t=2026-09-08T23:08:52+0800 lvl=eror msg="failed to reconnect session" obj=tunnels.session err="failed to dial ngrok server with address \"connect.ngrok-agent.com:443\": dial tcp: lookup connect.ngrok-agent.com: no such host"
t=2026-09-08T23:09:22+0800 lvl=eror msg="failed to reconnect session" obj=tunnels.session err="failed to dial ngrok server with address \"connect.ngrok-agent.com:443\": dial tcp: lookup connect.ngrok-agent.com: no such host"
t=2026-09-08T23:09:52+0800 lvl=eror msg="failed to reconnect session" obj=tunnels.session err="failed to dial ngrok server with address \"connect.ngrok-agent.com:443\": dial tcp: lookup connect.ngrok-agent.com: no such host"
t=2026-09-08T23:10:22+0800 lvl=eror msg="failed to reconnect session" obj=tunnels.session err="failed to dial ngrok server with address \"connect.ngrok-agent.com:443\": dial tcp: lookup connect.ngrok-agent.com: no such host"
t=2026-09-08T23:10:52+0800 lvl=eror msg="failed to reconnect session" obj=tunnels.session err="failed to dial ngrok server with address \"connect.ngrok-agent.com:443\": dial tcp: lookup connect.ngrok-agent.com: no such host"
t=2026-09-08T23:11:22+0800 lvl=eror msg="failed to reconnect session" obj=tunnels.session err="failed to dial ngrok server with address \"connect.ngrok-agent.com:443\": dial tcp: lookup connect.ngrok-agent.com: no such host"
t=2026-09-08T23:11:52+0800 lvl=eror msg="failed to reconnect session" obj=tunnels.session err="failed to dial ngrok server with address \"connect.ngrok-agent.com:443\": dial tcp: lookup connect.ngrok-agent.com: no such host"
t=2026-09-08T23:12:22+0800 lvl=eror msg="failed to reconnect session" obj=tunnels.session err="failed to dial ngrok server with address \"connect.ngrok-agent.com:443\": dial tcp: lookup connect.ngrok-agent.com: no such host"
t=2026-09-08T23:12:52+0800 lvl=eror msg="failed to reconnect session" obj=tunnels.session err="failed to dial ngrok server with address \"connect.ngrok-agent.com:443\": dial tcp: lookup connect.ngrok-agent.com: no such host"
t=2026-09-08T23:13:22+0800 lvl=eror msg="failed to reconnect session" obj=tunnels.session err="failed to dial ngrok server with address \"connect.ngrok-agent.com:443\": dial tcp: lookup connect.ngrok-agent.com: no such host"
t=2026-09-08T23:13:52+0800 lvl=eror msg="failed to reconnect session" obj=tunnels.session err="failed to dial ngrok server with address \"connect.ngrok-agent.com:443\": dial tcp: lookup connect.ngrok-agent.com: no such host"
t=2026-09-08T23:14:22+0800 lvl=eror msg="failed to reconnect session" obj=tunnels.session err="failed to dial ngrok server with address \"connect.ngrok-agent.com:443\": dial tcp: lookup connect.ngrok-agent.com: no such host"
t=2026-09-08T23:14:52+0800 lvl=eror msg="failed to reconnect session" obj=tunnels.session err="failed to dial ngrok server with address \"connect.ngrok-agent.com:443\": dial tcp: lookup connect.ngrok-agent.com: no such host"
t=2026-09-08T23:15:22+0800 lvl=eror msg="failed to reconnect session" obj=tunnels.session err="failed to dial ngrok server with address \"connect.ngrok-agent.com:443\": dial tcp: lookup connect.ngrok-agent.com: no such host"
t=2026-09-08T23:15:52+0800 lvl=eror msg="failed to reconnect session" obj=tunnels.session err="failed to dial ngrok server with address \"connect.ngrok-agent.com:443\": dial tcp: lookup connect.ngrok-agent.com: no such host"
t=2026-09-08T23:16:22+0800 lvl=eror msg="failed to reconnect session" obj=tunnels.session err="failed to dial ngrok server with address \"connect.ngrok-agent.com:443\": dial tcp: lookup connect.ngrok-agent.com: no such host"
t=2026-09-08T23:16:52+0800 lvl=eror msg="failed to reconnect session" obj=tunnels.session err="failed to dial ngrok server with address \"connect.ngrok-agent.com:443\": dial tcp: lookup connect.ngrok-agent.com: no such host"
t=2026-09-08T23:17:22+0800 lvl=eror msg="failed to reconnect session" obj=tunnels.session err="failed to dial ngrok server with address \"connect.ngrok-agent.com:443\": dial tcp: lookup connect.ngrok-agent.com: no such host"
t=2026-09-08T23:17:52+0800 lvl=eror msg="failed to reconnect session" obj=tunnels.session err="failed to dial ngrok server with address \"connect.ngrok-agent.com:443\": dial tcp: lookup connect.ngrok-agent.com: no such host"
t=2026-09-08T23:18:22+0800 lvl=eror msg="failed to reconnect session" obj=tunnels.session err="failed to dial ngrok server with address \"connect.ngrok-agent.com:443\": dial tcp: lookup connect.ngrok-agent.com: no such host"
t=2026-09-08T23:18:52+0800 lvl=eror msg="failed to reconnect session" obj=tunnels.session err="failed to dial ngrok server with address \"connect.ngrok-agent.com:443\": dial tcp: lookup connect.ngrok-agent.com: no such host"
t=2026-09-08T23:19:22+0800 lvl=eror msg="failed to reconnect session" obj=tunnels.session err="failed to dial ngrok server with address \"connect.ngrok-agent.com:443\": dial tcp: lookup connect.ngrok-agent.com: no such host"
t=2026-09-08T23:19:52+0800 lvl=eror msg="failed to reconnect session" obj=tunnels.session err="failed to dial ngrok server with address \"connect.ngrok-agent.com:443\": dial tcp: lookup connect.ngrok-agent.com: no such host"
t=2026-09-08T23:20:22+0800 lvl=eror msg="failed to reconnect session" obj=tunnels.session err="failed to dial ngrok server with address \"connect.ngrok-agent.com:443\": dial tcp: lookup connect.ngrok-agent.com: no such host"
t=2026-09-08T23:20:52+0800 lvl=eror msg="failed to reconnect session" obj=tunnels.session err="failed to dial ngrok server with address \"connect.ngrok-agent.com:443\": dial tcp: lookup connect.ngrok-agent.com: no such host"
t=2026-09-08T23:21:22+0800 lvl=eror msg="failed to reconnect session" obj=tunnels.session err="failed to dial ngrok server with address \"connect.ngrok-agent.com:443\": dial tcp: lookup connect.ngrok-agent.com: no such host"
t=2026-09-08T23:21:53+0800 lvl=info msg="client session established" obj=tunnels.session
t=2026-09-08T23:21:53+0800 lvl=info msg="tunnel session started" obj=tunnels.session
t=2026-09-09T00:10:38+0800 lvl=eror msg="heartbeat timeout, terminating session" obj=tunnels.session obj=csess id=3ed2c1c29bad clientid=124fef86456a3051f51981a511bb7bac
t=2026-09-09T00:10:38+0800 lvl=eror msg="session closed, starting reconnect loop" obj=tunnels.session err="session closed" obj=csess id=f9ce2c14de62
t=2026-09-09T00:10:39+0800 lvl=info msg="client session established" obj=tunnels.session
t=2026-09-09T00:10:39+0800 lvl=info msg="tunnel session started" obj=tunnels.session
t=2026-09-09T03:15:17+0800 lvl=eror msg="heartbeat timeout, terminating session" obj=tunnels.session obj=csess id=606ae27e1e59 clientid=124fef86456a3051f51981a511bb7bac
t=2026-09-09T03:15:17+0800 lvl=eror msg="session closed, starting reconnect loop" obj=tunnels.session err="session closed" obj=csess id=f9ce2c14de62
t=2026-09-09T03:15:17+0800 lvl=eror msg="failed to reconnect session" obj=tunnels.session err="failed to dial ngrok server with address \"connect.ngrok-agent.com:443\": dial tcp: lookup connect.ngrok-agent.com: no such host"
t=2026-09-09T03:15:18+0800 lvl=eror msg="failed to reconnect session" obj=tunnels.session err="failed to dial ngrok server with address \"connect.ngrok-agent.com:443\": dial tcp: lookup connect.ngrok-agent.com: no such host"
t=2026-09-09T03:15:19+0800 lvl=eror msg="failed to reconnect session" obj=tunnels.session err="failed to dial ngrok server with address \"connect.ngrok-agent.com:443\": dial tcp: lookup connect.ngrok-agent.com: no such host"
t=2026-09-09T03:15:20+0800 lvl=warn msg="failed to check for update" obj=updater err="Post \"https://update.ngrok-agent.com/check\": dial tcp: lookup update.ngrok-agent.com: no such host"
t=2026-09-09T03:15:21+0800 lvl=eror msg="failed to reconnect session" obj=tunnels.session err="failed to dial ngrok server with address \"connect.ngrok-agent.com:443\": dial tcp: lookup connect.ngrok-agent.com: no such host"
t=2026-09-09T03:15:25+0800 lvl=eror msg="failed to reconnect session" obj=tunnels.session err="failed to dial ngrok server with address \"connect.ngrok-agent.com:443\": dial tcp: lookup connect.ngrok-agent.com: no such host"
t=2026-09-09T03:15:33+0800 lvl=eror msg="failed to reconnect session" obj=tunnels.session err="failed to dial ngrok server with address \"connect.ngrok-agent.com:443\": dial tcp: lookup connect.ngrok-agent.com: no such host"
t=2026-09-09T03:15:49+0800 lvl=eror msg="failed to reconnect session" obj=tunnels.session err="failed to dial ngrok server with address \"connect.ngrok-agent.com:443\": dial tcp: lookup connect.ngrok-agent.com: no such host"
t=2026-09-09T03:16:19+0800 lvl=eror msg="failed to reconnect session" obj=tunnels.session err="failed to dial ngrok server with address \"connect.ngrok-agent.com:443\": dial tcp: lookup connect.ngrok-agent.com: no such host"
t=2026-09-09T03:16:49+0800 lvl=eror msg="failed to reconnect session" obj=tunnels.session err="failed to dial ngrok server with address \"connect.ngrok-agent.com:443\": dial tcp: lookup connect.ngrok-agent.com: no such host"
t=2026-09-09T03:17:19+0800 lvl=eror msg="failed to reconnect session" obj=tunnels.session err="failed to dial ngrok server with address \"connect.ngrok-agent.com:443\": dial tcp: lookup connect.ngrok-agent.com: no such host"
t=2026-09-09T03:17:49+0800 lvl=eror msg="failed to reconnect session" obj=tunnels.session err="failed to dial ngrok server with address \"connect.ngrok-agent.com:443\": dial tcp: lookup connect.ngrok-agent.com: no such host"
t=2026-09-09T03:18:19+0800 lvl=eror msg="failed to reconnect session" obj=tunnels.session err="failed to dial ngrok server with address \"connect.ngrok-agent.com:443\": dial tcp: lookup connect.ngrok-agent.com: no such host"
t=2026-09-09T03:18:49+0800 lvl=eror msg="failed to reconnect session" obj=tunnels.session err="failed to dial ngrok server with address \"connect.ngrok-agent.com:443\": dial tcp: lookup connect.ngrok-agent.com: no such host"
t=2026-09-09T03:19:19+0800 lvl=eror msg="failed to reconnect session" obj=tunnels.session err="failed to dial ngrok server with address \"connect.ngrok-agent.com:443\": dial tcp: lookup connect.ngrok-agent.com: no such host"
t=2026-09-09T03:19:49+0800 lvl=eror msg="failed to reconnect session" obj=tunnels.session err="failed to dial ngrok server with address \"connect.ngrok-agent.com:443\": dial tcp: lookup connect.ngrok-agent.com: no such host"
t=2026-09-09T03:20:19+0800 lvl=eror msg="failed to reconnect session" obj=tunnels.session err="failed to dial ngrok server with address \"connect.ngrok-agent.com:443\": dial tcp: lookup connect.ngrok-agent.com: no such host"
t=2026-09-09T03:20:49+0800 lvl=eror msg="failed to reconnect session" obj=tunnels.session err="failed to dial ngrok server with address \"connect.ngrok-agent.com:443\": dial tcp: lookup connect.ngrok-agent.com: no such host"
t=2026-09-09T03:21:19+0800 lvl=eror msg="failed to reconnect session" obj=tunnels.session err="failed to dial ngrok server with address \"connect.ngrok-agent.com:443\": dial tcp: lookup connect.ngrok-agent.com: no such host"
t=2026-09-09T03:21:49+0800 lvl=eror msg="failed to reconnect session" obj=tunnels.session err="failed to dial ngrok server with address \"connect.ngrok-agent.com:443\": dial tcp: lookup connect.ngrok-agent.com: no such host"
t=2026-09-09T03:22:19+0800 lvl=eror msg="failed to reconnect session" obj=tunnels.session err="failed to dial ngrok server with address \"connect.ngrok-agent.com:443\": dial tcp: lookup connect.ngrok-agent.com: no such host"
t=2026-09-09T03:22:49+0800 lvl=eror msg="failed to reconnect session" obj=tunnels.session err="failed to dial ngrok server with address \"connect.ngrok-agent.com:443\": dial tcp: lookup connect.ngrok-agent.com: no such host"
t=2026-09-09T03:23:19+0800 lvl=eror msg="failed to reconnect session" obj=tunnels.session err="failed to dial ngrok server with address \"connect.ngrok-agent.com:443\": dial tcp: lookup connect.ngrok-agent.com: no such host"
t=2026-09-09T03:23:49+0800 lvl=eror msg="failed to reconnect session" obj=tunnels.session err="failed to dial ngrok server with address \"connect.ngrok-agent.com:443\": dial tcp: lookup connect.ngrok-agent.com: no such host"
t=2026-09-09T03:24:19+0800 lvl=eror msg="failed to reconnect session" obj=tunnels.session err="failed to dial ngrok server with address \"connect.ngrok-agent.com:443\": dial tcp: lookup connect.ngrok-agent.com: no such host"
t=2026-09-09T03:24:49+0800 lvl=eror msg="failed to reconnect session" obj=tunnels.session err="failed to dial ngrok server with address \"connect.ngrok-agent.com:443\": dial tcp: lookup connect.ngrok-agent.com: no such host"
t=2026-09-09T03:25:19+0800 lvl=eror msg="failed to reconnect session" obj=tunnels.session err="failed to dial ngrok server with address \"connect.ngrok-agent.com:443\": dial tcp: lookup connect.ngrok-agent.com: no such host"
t=2026-09-09T03:25:49+0800 lvl=eror msg="failed to reconnect session" obj=tunnels.session err="failed to dial ngrok server with address \"connect.ngrok-agent.com:443\": dial tcp: lookup connect.ngrok-agent.com: no such host"
t=2026-09-09T03:26:19+0800 lvl=eror msg="failed to reconnect session" obj=tunnels.session err="failed to dial ngrok server with address \"connect.ngrok-agent.com:443\": dial tcp: lookup connect.ngrok-agent.com: no such host"
t=2026-09-09T03:26:49+0800 lvl=eror msg="failed to reconnect session" obj=tunnels.session err="failed to dial ngrok server with address \"connect.ngrok-agent.com:443\": dial tcp: lookup connect.ngrok-agent.com: no such host"
t=2026-09-09T03:27:21+0800 lvl=info msg="client session established" obj=tunnels.session
t=2026-09-09T03:27:21+0800 lvl=info msg="tunnel session started" obj=tunnels.session
t=2026-09-09T22:38:06+0800 lvl=eror msg="session closed, starting reconnect loop" obj=tunnels.session err="read EOF from remote peer" obj=csess id=f9ce2c14de62
t=2026-09-09T22:38:06+0800 lvl=eror msg="heartbeat timeout, terminating session" obj=tunnels.session obj=csess id=d3910a198250 clientid=124fef86456a3051f51981a511bb7bac
t=2026-09-09T22:38:16+0800 lvl=eror msg="failed to reconnect session" obj=tunnels.session err="failed to dial ngrok server with address \"connect.ngrok-agent.com:443\": dial tcp: lookup connect.ngrok-agent.com: i/o timeout"
t=2026-09-09T22:38:17+0800 lvl=eror msg="failed to reconnect session" obj=tunnels.session err="failed to dial ngrok server with address \"connect.ngrok-agent.com:443\": dial tcp: lookup connect.ngrok-agent.com: no such host"
t=2026-09-09T22:38:18+0800 lvl=eror msg="failed to reconnect session" obj=tunnels.session err="failed to dial ngrok server with address \"connect.ngrok-agent.com:443\": dial tcp: lookup connect.ngrok-agent.com: no such host"
t=2026-09-09T22:38:20+0800 lvl=eror msg="failed to reconnect session" obj=tunnels.session err="failed to dial ngrok server with address \"connect.ngrok-agent.com:443\": dial tcp: lookup connect.ngrok-agent.com: no such host"
t=2026-09-09T22:38:24+0800 lvl=eror msg="failed to reconnect session" obj=tunnels.session err="failed to dial ngrok server with address \"connect.ngrok-agent.com:443\": dial tcp: lookup connect.ngrok-agent.com: no such host"
t=2026-09-09T22:38:32+0800 lvl=eror msg="failed to reconnect session" obj=tunnels.session err="failed to dial ngrok server with address \"connect.ngrok-agent.com:443\": dial tcp: lookup connect.ngrok-agent.com: no such host"
t=2026-09-09T22:38:48+0800 lvl=eror msg="failed to reconnect session" obj=tunnels.session err="failed to dial ngrok server with address \"connect.ngrok-agent.com:443\": dial tcp: lookup connect.ngrok-agent.com: no such host"
t=2026-09-09T22:39:18+0800 lvl=eror msg="failed to reconnect session" obj=tunnels.session err="failed to dial ngrok server with address \"connect.ngrok-agent.com:443\": dial tcp: lookup connect.ngrok-agent.com: no such host"
t=2026-09-09T22:39:49+0800 lvl=info msg="client session established" obj=tunnels.session
t=2026-09-09T22:39:49+0800 lvl=info msg="tunnel session started" obj=tunnels.session
t=2026-09-10T02:45:46+0800 lvl=eror msg="heartbeat timeout, terminating session" obj=tunnels.session obj=csess id=f616a9cb16c3 clientid=124fef86456a3051f51981a511bb7bac
t=2026-09-10T02:45:46+0800 lvl=eror msg="session closed, starting reconnect loop" obj=tunnels.session obj=csess id=f9ce2c14de62 err="session closed"
t=2026-09-10T02:45:47+0800 lvl=eror msg="failed to reconnect session" obj=tunnels.session err="failed to dial ngrok server with address \"connect.ngrok-agent.com:443\": dial tcp: lookup connect.ngrok-agent.com: no such host"
t=2026-09-10T02:45:48+0800 lvl=eror msg="failed to reconnect session" obj=tunnels.session err="failed to dial ngrok server with address \"connect.ngrok-agent.com:443\": dial tcp: lookup connect.ngrok-agent.com: no such host"
t=2026-09-10T02:45:49+0800 lvl=eror msg="failed to reconnect session" obj=tunnels.session err="failed to dial ngrok server with address \"connect.ngrok-agent.com:443\": dial tcp: lookup connect.ngrok-agent.com: no such host"
t=2026-09-10T02:45:51+0800 lvl=eror msg="failed to reconnect session" obj=tunnels.session err="failed to dial ngrok server with address \"connect.ngrok-agent.com:443\": dial tcp: lookup connect.ngrok-agent.com: no such host"
t=2026-09-10T02:45:55+0800 lvl=eror msg="failed to reconnect session" obj=tunnels.session err="failed to dial ngrok server with address \"connect.ngrok-agent.com:443\": dial tcp: lookup connect.ngrok-agent.com: no such host"
t=2026-09-10T02:46:03+0800 lvl=eror msg="failed to reconnect session" obj=tunnels.session err="failed to dial ngrok server with address \"connect.ngrok-agent.com:443\": dial tcp: lookup connect.ngrok-agent.com: no such host"
t=2026-09-10T02:46:19+0800 lvl=eror msg="failed to reconnect session" obj=tunnels.session err="failed to dial ngrok server with address \"connect.ngrok-agent.com:443\": dial tcp: lookup connect.ngrok-agent.com: no such host"
t=2026-09-10T02:46:49+0800 lvl=eror msg="failed to reconnect session" obj=tunnels.session err="failed to dial ngrok server with address \"connect.ngrok-agent.com:443\": dial tcp: lookup connect.ngrok-agent.com: no such host"
t=2026-09-10T02:47:19+0800 lvl=eror msg="failed to reconnect session" obj=tunnels.session err="failed to dial ngrok server with address \"connect.ngrok-agent.com:443\": dial tcp: lookup connect.ngrok-agent.com: no such host"
t=2026-09-10T02:47:49+0800 lvl=eror msg="failed to reconnect session" obj=tunnels.session err="failed to dial ngrok server with address \"connect.ngrok-agent.com:443\": dial tcp: lookup connect.ngrok-agent.com: no such host"
t=2026-09-10T02:48:19+0800 lvl=eror msg="failed to reconnect session" obj=tunnels.session err="failed to dial ngrok server with address \"connect.ngrok-agent.com:443\": dial tcp: lookup connect.ngrok-agent.com: no such host"
t=2026-09-10T02:48:49+0800 lvl=eror msg="failed to reconnect session" obj=tunnels.session err="failed to dial ngrok server with address \"connect.ngrok-agent.com:443\": dial tcp: lookup connect.ngrok-agent.com: no such host"
t=2026-09-10T02:49:19+0800 lvl=eror msg="failed to reconnect session" obj=tunnels.session err="failed to dial ngrok server with address \"connect.ngrok-agent.com:443\": dial tcp: lookup connect.ngrok-agent.com: no such host"
t=2026-09-10T02:49:49+0800 lvl=eror msg="failed to reconnect session" obj=tunnels.session err="failed to dial ngrok server with address \"connect.ngrok-agent.com:443\": dial tcp: lookup connect.ngrok-agent.com: no such host"
t=2026-09-10T02:50:19+0800 lvl=eror msg="failed to reconnect session" obj=tunnels.session err="failed to dial ngrok server with address \"connect.ngrok-agent.com:443\": dial tcp: lookup connect.ngrok-agent.com: no such host"
t=2026-09-10T02:50:49+0800 lvl=eror msg="failed to reconnect session" obj=tunnels.session err="failed to dial ngrok server with address \"connect.ngrok-agent.com:443\": dial tcp: lookup connect.ngrok-agent.com: no such host"
t=2026-09-10T02:51:19+0800 lvl=eror msg="failed to reconnect session" obj=tunnels.session err="failed to dial ngrok server with address \"connect.ngrok-agent.com:443\": dial tcp: lookup connect.ngrok-agent.com: no such host"
t=2026-09-10T02:51:49+0800 lvl=eror msg="failed to reconnect session" obj=tunnels.session err="failed to dial ngrok server with address \"connect.ngrok-agent.com:443\": dial tcp: lookup connect.ngrok-agent.com: no such host"
t=2026-09-10T02:52:19+0800 lvl=eror msg="failed to reconnect session" obj=tunnels.session err="failed to dial ngrok server with address \"connect.ngrok-agent.com:443\": dial tcp: lookup connect.ngrok-agent.com: no such host"
t=2026-09-10T02:52:49+0800 lvl=eror msg="failed to reconnect session" obj=tunnels.session err="failed to dial ngrok server with address \"connect.ngrok-agent.com:443\": dial tcp: lookup connect.ngrok-agent.com: no such host"
t=2026-09-10T02:53:19+0800 lvl=eror msg="failed to reconnect session" obj=tunnels.session err="failed to dial ngrok server with address \"connect.ngrok-agent.com:443\": dial tcp: lookup connect.ngrok-agent.com: no such host"
t=2026-09-10T02:53:49+0800 lvl=eror msg="failed to reconnect session" obj=tunnels.session err="failed to dial ngrok server with address \"connect.ngrok-agent.com:443\": dial tcp: lookup connect.ngrok-agent.com: no such host"
t=2026-09-10T02:54:19+0800 lvl=eror msg="failed to reconnect session" obj=tunnels.session err="failed to dial ngrok server with address \"connect.ngrok-agent.com:443\": dial tcp: lookup connect.ngrok-agent.com: no such host"
t=2026-09-10T02:54:49+0800 lvl=eror msg="failed to reconnect session" obj=tunnels.session err="failed to dial ngrok server with address \"connect.ngrok-agent.com:443\": dial tcp: lookup connect.ngrok-agent.com: no such host"
t=2026-09-10T02:55:19+0800 lvl=eror msg="failed to reconnect session" obj=tunnels.session err="failed to dial ngrok server with address \"connect.ngrok-agent.com:443\": dial tcp: lookup connect.ngrok-agent.com: no such host"
t=2026-09-10T02:55:49+0800 lvl=eror msg="failed to reconnect session" obj=tunnels.session err="failed to dial ngrok server with address \"connect.ngrok-agent.com:443\": dial tcp: lookup connect.ngrok-agent.com: no such host"
t=2026-09-10T02:56:19+0800 lvl=eror msg="failed to reconnect session" obj=tunnels.session err="failed to dial ngrok server with address \"connect.ngrok-agent.com:443\": dial tcp: lookup connect.ngrok-agent.com: no such host"
t=2026-09-10T02:56:49+0800 lvl=eror msg="failed to reconnect session" obj=tunnels.session err="failed to dial ngrok server with address \"connect.ngrok-agent.com:443\": dial tcp: lookup connect.ngrok-agent.com: no such host"
t=2026-09-10T02:57:19+0800 lvl=eror msg="failed to reconnect session" obj=tunnels.session err="failed to dial ngrok server with address \"connect.ngrok-agent.com:443\": dial tcp: lookup connect.ngrok-agent.com: no such host"
t=2026-09-10T02:57:49+0800 lvl=eror msg="failed to reconnect session" obj=tunnels.session err="failed to dial ngrok server with address \"connect.ngrok-agent.com:443\": dial tcp: lookup connect.ngrok-agent.com: no such host"
t=2026-09-10T02:58:19+0800 lvl=eror msg="failed to reconnect session" obj=tunnels.session err="failed to dial ngrok server with address \"connect.ngrok-agent.com:443\": dial tcp: lookup connect.ngrok-agent.com: no such host"
t=2026-09-10T02:58:49+0800 lvl=eror msg="failed to reconnect session" obj=tunnels.session err="failed to dial ngrok server with address \"connect.ngrok-agent.com:443\": dial tcp: lookup connect.ngrok-agent.com: no such host"
t=2026-09-10T02:59:19+0800 lvl=eror msg="failed to reconnect session" obj=tunnels.session err="failed to dial ngrok server with address \"connect.ngrok-agent.com:443\": dial tcp: lookup connect.ngrok-agent.com: no such host"
t=2026-09-10T02:59:49+0800 lvl=eror msg="failed to reconnect session" obj=tunnels.session err="failed to dial ngrok server with address \"connect.ngrok-agent.com:443\": dial tcp: lookup connect.ngrok-agent.com: no such host"
t=2026-09-10T03:00:19+0800 lvl=eror msg="failed to reconnect session" obj=tunnels.session err="failed to dial ngrok server with address \"connect.ngrok-agent.com:443\": dial tcp: lookup connect.ngrok-agent.com: no such host"
t=2026-09-10T03:00:49+0800 lvl=eror msg="failed to reconnect session" obj=tunnels.session err="failed to dial ngrok server with address \"connect.ngrok-agent.com:443\": dial tcp: lookup connect.ngrok-agent.com: no such host"
t=2026-09-10T03:01:19+0800 lvl=eror msg="failed to reconnect session" obj=tunnels.session err="failed to dial ngrok server with address \"connect.ngrok-agent.com:443\": dial tcp: lookup connect.ngrok-agent.com: no such host"
t=2026-09-10T03:01:49+0800 lvl=eror msg="failed to reconnect session" obj=tunnels.session err="failed to dial ngrok server with address \"connect.ngrok-agent.com:443\": dial tcp: lookup connect.ngrok-agent.com: no such host"
t=2026-09-10T03:02:19+0800 lvl=eror msg="failed to reconnect session" obj=tunnels.session err="failed to dial ngrok server with address \"connect.ngrok-agent.com:443\": dial tcp: lookup connect.ngrok-agent.com: no such host"
t=2026-09-10T03:02:49+0800 lvl=eror msg="failed to reconnect session" obj=tunnels.session err="failed to dial ngrok server with address \"connect.ngrok-agent.com:443\": dial tcp: lookup connect.ngrok-agent.com: no such host"
t=2026-09-10T03:03:19+0800 lvl=eror msg="failed to reconnect session" obj=tunnels.session err="failed to dial ngrok server with address \"connect.ngrok-agent.com:443\": dial tcp: lookup connect.ngrok-agent.com: no such host"
t=2026-09-10T03:03:49+0800 lvl=eror msg="failed to reconnect session" obj=tunnels.session err="failed to dial ngrok server with address \"connect.ngrok-agent.com:443\": dial tcp: lookup connect.ngrok-agent.com: no such host"
t=2026-09-10T03:04:19+0800 lvl=eror msg="failed to reconnect session" obj=tunnels.session err="failed to dial ngrok server with address \"connect.ngrok-agent.com:443\": dial tcp: lookup connect.ngrok-agent.com: no such host"
t=2026-09-10T03:04:49+0800 lvl=eror msg="failed to reconnect session" obj=tunnels.session err="failed to dial ngrok server with address \"connect.ngrok-agent.com:443\": dial tcp: lookup connect.ngrok-agent.com: no such host"
t=2026-09-10T03:05:19+0800 lvl=eror msg="failed to reconnect session" obj=tunnels.session err="failed to dial ngrok server with address \"connect.ngrok-agent.com:443\": dial tcp: lookup connect.ngrok-agent.com: no such host"
t=2026-09-10T03:05:49+0800 lvl=eror msg="failed to reconnect session" obj=tunnels.session err="failed to dial ngrok server with address \"connect.ngrok-agent.com:443\": dial tcp: lookup connect.ngrok-agent.com: no such host"
t=2026-09-10T03:06:19+0800 lvl=eror msg="failed to reconnect session" obj=tunnels.session err="failed to dial ngrok server with address \"connect.ngrok-agent.com:443\": dial tcp: lookup connect.ngrok-agent.com: no such host"
t=2026-09-10T03:06:50+0800 lvl=eror msg="failed to reconnect session" obj=tunnels.session err="failed to dial ngrok server with address \"connect.ngrok-agent.com:443\": dial tcp: lookup connect.ngrok-agent.com: no such host"
t=2026-09-10T03:07:20+0800 lvl=eror msg="failed to reconnect session" obj=tunnels.session err="failed to dial ngrok server with address \"connect.ngrok-agent.com:443\": dial tcp: lookup connect.ngrok-agent.com: no such host"
t=2026-09-10T03:07:50+0800 lvl=eror msg="failed to reconnect session" obj=tunnels.session err="failed to dial ngrok server with address \"connect.ngrok-agent.com:443\": dial tcp: lookup connect.ngrok-agent.com: no such host"
t=2026-09-10T03:08:20+0800 lvl=eror msg="failed to reconnect session" obj=tunnels.session err="failed to dial ngrok server with address \"connect.ngrok-agent.com:443\": dial tcp: lookup connect.ngrok-agent.com: no such host"
t=2026-09-10T03:08:50+0800 lvl=eror msg="failed to reconnect session" obj=tunnels.session err="failed to dial ngrok server with address \"connect.ngrok-agent.com:443\": dial tcp: lookup connect.ngrok-agent.com: no such host"
t=2026-09-10T03:09:20+0800 lvl=eror msg="failed to reconnect session" obj=tunnels.session err="failed to dial ngrok server with address \"connect.ngrok-agent.com:443\": dial tcp: lookup connect.ngrok-agent.com: no such host"
t=2026-09-10T03:09:50+0800 lvl=eror msg="failed to reconnect session" obj=tunnels.session err="failed to dial ngrok server with address \"connect.ngrok-agent.com:443\": dial tcp: lookup connect.ngrok-agent.com: no such host"
t=2026-09-10T03:10:20+0800 lvl=eror msg="failed to reconnect session" obj=tunnels.session err="failed to dial ngrok server with address \"connect.ngrok-agent.com:443\": dial tcp: lookup connect.ngrok-agent.com: no such host"
t=2026-09-10T03:10:50+0800 lvl=eror msg="failed to reconnect session" obj=tunnels.session err="failed to dial ngrok server with address \"connect.ngrok-agent.com:443\": dial tcp: lookup connect.ngrok-agent.com: no such host"
t=2026-09-10T03:11:20+0800 lvl=eror msg="failed to reconnect session" obj=tunnels.session err="failed to dial ngrok server with address \"connect.ngrok-agent.com:443\": dial tcp: lookup connect.ngrok-agent.com: no such host"
t=2026-09-10T03:11:50+0800 lvl=eror msg="failed to reconnect session" obj=tunnels.session err="failed to dial ngrok server with address \"connect.ngrok-agent.com:443\": dial tcp: lookup connect.ngrok-agent.com: no such host"
t=2026-09-10T03:12:20+0800 lvl=eror msg="failed to reconnect session" obj=tunnels.session err="failed to dial ngrok server with address \"connect.ngrok-agent.com:443\": dial tcp: lookup connect.ngrok-agent.com: no such host"
t=2026-09-10T03:12:50+0800 lvl=eror msg="failed to reconnect session" obj=tunnels.session err="failed to dial ngrok server with address \"connect.ngrok-agent.com:443\": dial tcp: lookup connect.ngrok-agent.com: no such host"
t=2026-09-10T03:13:20+0800 lvl=eror msg="failed to reconnect session" obj=tunnels.session err="failed to dial ngrok server with address \"connect.ngrok-agent.com:443\": dial tcp: lookup connect.ngrok-agent.com: no such host"
t=2026-09-10T03:13:50+0800 lvl=eror msg="failed to reconnect session" obj=tunnels.session err="failed to dial ngrok server with address \"connect.ngrok-agent.com:443\": dial tcp: lookup connect.ngrok-agent.com: no such host"
t=2026-09-10T03:14:20+0800 lvl=eror msg="failed to reconnect session" obj=tunnels.session err="failed to dial ngrok server with address \"connect.ngrok-agent.com:443\": dial tcp: lookup connect.ngrok-agent.com: no such host"
t=2026-09-10T03:14:50+0800 lvl=eror msg="failed to reconnect session" obj=tunnels.session err="failed to dial ngrok server with address \"connect.ngrok-agent.com:443\": dial tcp: lookup connect.ngrok-agent.com: no such host"
t=2026-09-10T03:15:20+0800 lvl=eror msg="failed to reconnect session" obj=tunnels.session err="failed to dial ngrok server with address \"connect.ngrok-agent.com:443\": dial tcp: lookup connect.ngrok-agent.com: no such host"
t=2026-09-10T03:15:50+0800 lvl=eror msg="failed to reconnect session" obj=tunnels.session err="failed to dial ngrok server with address \"connect.ngrok-agent.com:443\": dial tcp: lookup connect.ngrok-agent.com: no such host"
t=2026-09-10T03:16:20+0800 lvl=eror msg="failed to reconnect session" obj=tunnels.session err="failed to dial ngrok server with address \"connect.ngrok-agent.com:443\": dial tcp: lookup connect.ngrok-agent.com: no such host"
t=2026-09-10T03:16:50+0800 lvl=eror msg="failed to reconnect session" obj=tunnels.session err="failed to dial ngrok server with address \"connect.ngrok-agent.com:443\": dial tcp: lookup connect.ngrok-agent.com: no such host"
t=2026-09-10T03:17:20+0800 lvl=eror msg="failed to reconnect session" obj=tunnels.session err="failed to dial ngrok server with address \"connect.ngrok-agent.com:443\": dial tcp: lookup connect.ngrok-agent.com: no such host"
t=2026-09-10T03:17:50+0800 lvl=eror msg="failed to reconnect session" obj=tunnels.session err="failed to dial ngrok server with address \"connect.ngrok-agent.com:443\": dial tcp: lookup connect.ngrok-agent.com: no such host"
t=2026-09-10T03:18:20+0800 lvl=eror msg="failed to reconnect session" obj=tunnels.session err="failed to dial ngrok server with address \"connect.ngrok-agent.com:443\": dial tcp: lookup connect.ngrok-agent.com: no such host"
t=2026-09-10T03:18:50+0800 lvl=eror msg="failed to reconnect session" obj=tunnels.session err="failed to dial ngrok server with address \"connect.ngrok-agent.com:443\": dial tcp: lookup connect.ngrok-agent.com: no such host"
t=2026-09-10T03:19:20+0800 lvl=eror msg="failed to reconnect session" obj=tunnels.session err="failed to dial ngrok server with address \"connect.ngrok-agent.com:443\": dial tcp: lookup connect.ngrok-agent.com: no such host"
t=2026-09-10T03:19:50+0800 lvl=eror msg="failed to reconnect session" obj=tunnels.session err="failed to dial ngrok server with address \"connect.ngrok-agent.com:443\": dial tcp: lookup connect.ngrok-agent.com: no such host"
t=2026-09-10T03:20:20+0800 lvl=eror msg="failed to reconnect session" obj=tunnels.session err="failed to dial ngrok server with address \"connect.ngrok-agent.com:443\": dial tcp: lookup connect.ngrok-agent.com: no such host"
t=2026-09-10T03:20:50+0800 lvl=eror msg="failed to reconnect session" obj=tunnels.session err="failed to dial ngrok server with address \"connect.ngrok-agent.com:443\": dial tcp: lookup connect.ngrok-agent.com: no such host"
t=2026-09-10T03:21:20+0800 lvl=eror msg="failed to reconnect session" obj=tunnels.session err="failed to dial ngrok server with address \"connect.ngrok-agent.com:443\": dial tcp: lookup connect.ngrok-agent.com: no such host"
t=2026-09-10T03:21:50+0800 lvl=eror msg="failed to reconnect session" obj=tunnels.session err="failed to dial ngrok server with address \"connect.ngrok-agent.com:443\": dial tcp: lookup connect.ngrok-agent.com: no such host"
t=2026-09-10T03:22:20+0800 lvl=eror msg="failed to reconnect session" obj=tunnels.session err="failed to dial ngrok server with address \"connect.ngrok-agent.com:443\": dial tcp: lookup connect.ngrok-agent.com: no such host"
t=2026-09-10T03:22:50+0800 lvl=eror msg="failed to reconnect session" obj=tunnels.session err="failed to dial ngrok server with address \"connect.ngrok-agent.com:443\": dial tcp: lookup connect.ngrok-agent.com: no such host"
t=2026-09-10T03:23:21+0800 lvl=info msg="client session established" obj=tunnels.session
t=2026-09-10T03:23:21+0800 lvl=info msg="tunnel session started" obj=tunnels.session
t=2026-09-10T20:38:45+0800 lvl=info msg="update available" obj=updater
t=2026-09-10T22:07:18+0800 lvl=eror msg="heartbeat timeout, terminating session" obj=tunnels.session obj=csess id=39f4e0b6961a clientid=124fef86456a3051f51981a511bb7bac
t=2026-09-10T22:07:18+0800 lvl=eror msg="session closed, starting reconnect loop" obj=tunnels.session obj=csess id=f9ce2c14de62 err="session closed"
t=2026-09-10T22:07:18+0800 lvl=eror msg="failed to reconnect session" obj=tunnels.session err="failed to dial ngrok server with address \"connect.ngrok-agent.com:443\": dial tcp: lookup connect.ngrok-agent.com: no such host"
t=2026-09-10T22:07:18+0800 lvl=eror msg="failed to reconnect session" obj=tunnels.session err="failed to dial ngrok server with address \"connect.ngrok-agent.com:443\": dial tcp: lookup connect.ngrok-agent.com: no such host"
t=2026-09-10T22:07:19+0800 lvl=eror msg="failed to reconnect session" obj=tunnels.session err="failed to dial ngrok server with address \"connect.ngrok-agent.com:443\": dial tcp: lookup connect.ngrok-agent.com: no such host"
t=2026-09-10T22:07:21+0800 lvl=eror msg="failed to reconnect session" obj=tunnels.session err="failed to dial ngrok server with address \"connect.ngrok-agent.com:443\": dial tcp: lookup connect.ngrok-agent.com: no such host"
t=2026-09-10T22:07:25+0800 lvl=eror msg="failed to reconnect session" obj=tunnels.session err="failed to dial ngrok server with address \"connect.ngrok-agent.com:443\": dial tcp: lookup connect.ngrok-agent.com: no such host"
t=2026-09-10T22:07:33+0800 lvl=eror msg="failed to reconnect session" obj=tunnels.session err="failed to dial ngrok server with address \"connect.ngrok-agent.com:443\": dial tcp: lookup connect.ngrok-agent.com: no such host"
t=2026-09-10T22:07:49+0800 lvl=eror msg="failed to reconnect session" obj=tunnels.session err="failed to dial ngrok server with address \"connect.ngrok-agent.com:443\": dial tcp: lookup connect.ngrok-agent.com: no such host"
t=2026-09-10T22:08:19+0800 lvl=eror msg="failed to reconnect session" obj=tunnels.session err="failed to dial ngrok server with address \"connect.ngrok-agent.com:443\": dial tcp: lookup connect.ngrok-agent.com: no such host"
t=2026-09-10T22:08:49+0800 lvl=eror msg="failed to reconnect session" obj=tunnels.session err="failed to dial ngrok server with address \"connect.ngrok-agent.com:443\": dial tcp: lookup connect.ngrok-agent.com: no such host"
t=2026-09-10T22:09:19+0800 lvl=eror msg="failed to reconnect session" obj=tunnels.session err="failed to dial ngrok server with address \"connect.ngrok-agent.com:443\": dial tcp: lookup connect.ngrok-agent.com: no such host"
t=2026-09-10T22:09:49+0800 lvl=eror msg="failed to reconnect session" obj=tunnels.session err="failed to dial ngrok server with address \"connect.ngrok-agent.com:443\": dial tcp: lookup connect.ngrok-agent.com: no such host"
t=2026-09-10T22:10:19+0800 lvl=eror msg="failed to reconnect session" obj=tunnels.session err="failed to dial ngrok server with address \"connect.ngrok-agent.com:443\": dial tcp: lookup connect.ngrok-agent.com: no such host"
t=2026-09-10T22:10:49+0800 lvl=eror msg="failed to reconnect session" obj=tunnels.session err="failed to dial ngrok server with address \"connect.ngrok-agent.com:443\": dial tcp: lookup connect.ngrok-agent.com: no such host"
t=2026-09-10T22:11:19+0800 lvl=eror msg="failed to reconnect session" obj=tunnels.session err="failed to dial ngrok server with address \"connect.ngrok-agent.com:443\": dial tcp: lookup connect.ngrok-agent.com: no such host"
t=2026-09-10T22:11:49+0800 lvl=eror msg="failed to reconnect session" obj=tunnels.session err="failed to dial ngrok server with address \"connect.ngrok-agent.com:443\": dial tcp: lookup connect.ngrok-agent.com: no such host"
t=2026-09-10T22:12:19+0800 lvl=eror msg="failed to reconnect session" obj=tunnels.session err="failed to dial ngrok server with address \"connect.ngrok-agent.com:443\": dial tcp: lookup connect.ngrok-agent.com: no such host"
t=2026-09-10T22:12:52+0800 lvl=info msg="client session established" obj=tunnels.session
t=2026-09-10T22:12:52+0800 lvl=info msg="tunnel session started" obj=tunnels.session
t=2026-09-11T02:49:57+0800 lvl=eror msg="heartbeat timeout, terminating session" obj=tunnels.session obj=csess id=59c7e9ba1085 clientid=124fef86456a3051f51981a511bb7bac
t=2026-09-11T02:49:57+0800 lvl=eror msg="session closed, starting reconnect loop" obj=tunnels.session obj=csess id=f9ce2c14de62 err="session closed"
t=2026-09-11T02:50:04+0800 lvl=warn msg="failed to check for update" obj=updater err="Post \"https://update.ngrok-agent.com/check\": context deadline exceeded"
t=2026-09-11T02:50:07+0800 lvl=eror msg="failed to reconnect session" obj=tunnels.session err="failed to dial ngrok server with address \"connect.ngrok-agent.com:443\": dial tcp: lookup connect.ngrok-agent.com: i/o timeout"
t=2026-09-11T02:50:08+0800 lvl=eror msg="failed to reconnect session" obj=tunnels.session err="failed to dial ngrok server with address \"connect.ngrok-agent.com:443\": dial tcp: lookup connect.ngrok-agent.com: no such host"
t=2026-09-11T02:50:09+0800 lvl=eror msg="failed to reconnect session" obj=tunnels.session err="failed to dial ngrok server with address \"connect.ngrok-agent.com:443\": dial tcp: lookup connect.ngrok-agent.com: no such host"
t=2026-09-11T02:50:11+0800 lvl=eror msg="failed to reconnect session" obj=tunnels.session err="failed to dial ngrok server with address \"connect.ngrok-agent.com:443\": dial tcp: lookup connect.ngrok-agent.com: no such host"
t=2026-09-11T02:50:15+0800 lvl=eror msg="failed to reconnect session" obj=tunnels.session err="failed to dial ngrok server with address \"connect.ngrok-agent.com:443\": dial tcp: lookup connect.ngrok-agent.com: no such host"
t=2026-09-11T02:50:23+0800 lvl=eror msg="failed to reconnect session" obj=tunnels.session err="failed to dial ngrok server with address \"connect.ngrok-agent.com:443\": dial tcp: lookup connect.ngrok-agent.com: no such host"
t=2026-09-11T02:50:39+0800 lvl=eror msg="failed to reconnect session" obj=tunnels.session err="failed to dial ngrok server with address \"connect.ngrok-agent.com:443\": dial tcp: lookup connect.ngrok-agent.com: no such host"
t=2026-09-11T02:51:09+0800 lvl=eror msg="failed to reconnect session" obj=tunnels.session err="failed to dial ngrok server with address \"connect.ngrok-agent.com:443\": dial tcp: lookup connect.ngrok-agent.com: no such host"
t=2026-09-11T02:51:39+0800 lvl=eror msg="failed to reconnect session" obj=tunnels.session err="failed to dial ngrok server with address \"connect.ngrok-agent.com:443\": dial tcp: lookup connect.ngrok-agent.com: no such host"
t=2026-09-11T02:52:09+0800 lvl=eror msg="failed to reconnect session" obj=tunnels.session err="failed to dial ngrok server with address \"connect.ngrok-agent.com:443\": dial tcp: lookup connect.ngrok-agent.com: no such host"
t=2026-09-11T02:52:39+0800 lvl=eror msg="failed to reconnect session" obj=tunnels.session err="failed to dial ngrok server with address \"connect.ngrok-agent.com:443\": dial tcp: lookup connect.ngrok-agent.com: no such host"
t=2026-09-11T02:53:09+0800 lvl=eror msg="failed to reconnect session" obj=tunnels.session err="failed to dial ngrok server with address \"connect.ngrok-agent.com:443\": dial tcp: lookup connect.ngrok-agent.com: no such host"
t=2026-09-11T02:53:39+0800 lvl=eror msg="failed to reconnect session" obj=tunnels.session err="failed to dial ngrok server with address \"connect.ngrok-agent.com:443\": dial tcp: lookup connect.ngrok-agent.com: no such host"
t=2026-09-11T02:54:09+0800 lvl=eror msg="failed to reconnect session" obj=tunnels.session err="failed to dial ngrok server with address \"connect.ngrok-agent.com:443\": dial tcp: lookup connect.ngrok-agent.com: no such host"
t=2026-09-11T02:54:39+0800 lvl=eror msg="failed to reconnect session" obj=tunnels.session err="failed to dial ngrok server with address \"connect.ngrok-agent.com:443\": dial tcp: lookup connect.ngrok-agent.com: no such host"
t=2026-09-11T02:55:09+0800 lvl=eror msg="failed to reconnect session" obj=tunnels.session err="failed to dial ngrok server with address \"connect.ngrok-agent.com:443\": dial tcp: lookup connect.ngrok-agent.com: no such host"
t=2026-09-11T02:55:39+0800 lvl=eror msg="failed to reconnect session" obj=tunnels.session err="failed to dial ngrok server with address \"connect.ngrok-agent.com:443\": dial tcp: lookup connect.ngrok-agent.com: no such host"
t=2026-09-11T02:56:09+0800 lvl=eror msg="failed to reconnect session" obj=tunnels.session err="failed to dial ngrok server with address \"connect.ngrok-agent.com:443\": dial tcp: lookup connect.ngrok-agent.com: no such host"
t=2026-09-11T02:56:39+0800 lvl=eror msg="failed to reconnect session" obj=tunnels.session err="failed to dial ngrok server with address \"connect.ngrok-agent.com:443\": dial tcp: lookup connect.ngrok-agent.com: no such host"
t=2026-09-11T02:57:09+0800 lvl=eror msg="failed to reconnect session" obj=tunnels.session err="failed to dial ngrok server with address \"connect.ngrok-agent.com:443\": dial tcp: lookup connect.ngrok-agent.com: no such host"
t=2026-09-11T02:57:39+0800 lvl=eror msg="failed to reconnect session" obj=tunnels.session err="failed to dial ngrok server with address \"connect.ngrok-agent.com:443\": dial tcp: lookup connect.ngrok-agent.com: no such host"
t=2026-09-11T02:58:09+0800 lvl=eror msg="failed to reconnect session" obj=tunnels.session err="failed to dial ngrok server with address \"connect.ngrok-agent.com:443\": dial tcp: lookup connect.ngrok-agent.com: no such host"
t=2026-09-11T02:58:39+0800 lvl=eror msg="failed to reconnect session" obj=tunnels.session err="failed to dial ngrok server with address \"connect.ngrok-agent.com:443\": dial tcp: lookup connect.ngrok-agent.com: no such host"
t=2026-09-11T02:59:09+0800 lvl=eror msg="failed to reconnect session" obj=tunnels.session err="failed to dial ngrok server with address \"connect.ngrok-agent.com:443\": dial tcp: lookup connect.ngrok-agent.com: no such host"
t=2026-09-11T02:59:39+0800 lvl=eror msg="failed to reconnect session" obj=tunnels.session err="failed to dial ngrok server with address \"connect.ngrok-agent.com:443\": dial tcp: lookup connect.ngrok-agent.com: no such host"
t=2026-09-11T03:00:09+0800 lvl=eror msg="failed to reconnect session" obj=tunnels.session err="failed to dial ngrok server with address \"connect.ngrok-agent.com:443\": dial tcp: lookup connect.ngrok-agent.com: no such host"
t=2026-09-11T03:00:39+0800 lvl=eror msg="failed to reconnect session" obj=tunnels.session err="failed to dial ngrok server with address \"connect.ngrok-agent.com:443\": dial tcp: lookup connect.ngrok-agent.com: no such host"
t=2026-09-11T03:01:09+0800 lvl=eror msg="failed to reconnect session" obj=tunnels.session err="failed to dial ngrok server with address \"connect.ngrok-agent.com:443\": dial tcp: lookup connect.ngrok-agent.com: no such host"
t=2026-09-11T03:01:39+0800 lvl=eror msg="failed to reconnect session" obj=tunnels.session err="failed to dial ngrok server with address \"connect.ngrok-agent.com:443\": dial tcp: lookup connect.ngrok-agent.com: no such host"
t=2026-09-11T03:02:09+0800 lvl=eror msg="failed to reconnect session" obj=tunnels.session err="failed to dial ngrok server with address \"connect.ngrok-agent.com:443\": dial tcp: lookup connect.ngrok-agent.com: no such host"
t=2026-09-11T03:02:39+0800 lvl=eror msg="failed to reconnect session" obj=tunnels.session err="failed to dial ngrok server with address \"connect.ngrok-agent.com:443\": dial tcp: lookup connect.ngrok-agent.com: no such host"
t=2026-09-11T03:03:09+0800 lvl=eror msg="failed to reconnect session" obj=tunnels.session err="failed to dial ngrok server with address \"connect.ngrok-agent.com:443\": dial tcp: lookup connect.ngrok-agent.com: no such host"
t=2026-09-11T03:03:39+0800 lvl=eror msg="failed to reconnect session" obj=tunnels.session err="failed to dial ngrok server with address \"connect.ngrok-agent.com:443\": dial tcp: lookup connect.ngrok-agent.com: no such host"
t=2026-09-11T03:04:09+0800 lvl=eror msg="failed to reconnect session" obj=tunnels.session err="failed to dial ngrok server with address \"connect.ngrok-agent.com:443\": dial tcp: lookup connect.ngrok-agent.com: no such host"
t=2026-09-11T03:04:39+0800 lvl=eror msg="failed to reconnect session" obj=tunnels.session err="failed to dial ngrok server with address \"connect.ngrok-agent.com:443\": dial tcp: lookup connect.ngrok-agent.com: no such host"
t=2026-09-11T03:05:09+0800 lvl=eror msg="failed to reconnect session" obj=tunnels.session err="failed to dial ngrok server with address \"connect.ngrok-agent.com:443\": dial tcp: lookup connect.ngrok-agent.com: no such host"
t=2026-09-11T03:05:39+0800 lvl=eror msg="failed to reconnect session" obj=tunnels.session err="failed to dial ngrok server with address \"connect.ngrok-agent.com:443\": dial tcp: lookup connect.ngrok-agent.com: no such host"
t=2026-09-11T03:06:09+0800 lvl=eror msg="failed to reconnect session" obj=tunnels.session err="failed to dial ngrok server with address \"connect.ngrok-agent.com:443\": dial tcp: lookup connect.ngrok-agent.com: no such host"
t=2026-09-11T03:06:39+0800 lvl=eror msg="failed to reconnect session" obj=tunnels.session err="failed to dial ngrok server with address \"connect.ngrok-agent.com:443\": dial tcp: lookup connect.ngrok-agent.com: no such host"
t=2026-09-11T03:07:09+0800 lvl=eror msg="failed to reconnect session" obj=tunnels.session err="failed to dial ngrok server with address \"connect.ngrok-agent.com:443\": dial tcp: lookup connect.ngrok-agent.com: no such host"
t=2026-09-11T03:07:39+0800 lvl=eror msg="failed to reconnect session" obj=tunnels.session err="failed to dial ngrok server with address \"connect.ngrok-agent.com:443\": dial tcp: lookup connect.ngrok-agent.com: no such host"
t=2026-09-11T03:08:09+0800 lvl=eror msg="failed to reconnect session" obj=tunnels.session err="failed to dial ngrok server with address \"connect.ngrok-agent.com:443\": dial tcp: lookup connect.ngrok-agent.com: no such host"
t=2026-09-11T03:08:39+0800 lvl=eror msg="failed to reconnect session" obj=tunnels.session err="failed to dial ngrok server with address \"connect.ngrok-agent.com:443\": dial tcp: lookup connect.ngrok-agent.com: no such host"
t=2026-09-11T03:09:09+0800 lvl=eror msg="failed to reconnect session" obj=tunnels.session err="failed to dial ngrok server with address \"connect.ngrok-agent.com:443\": dial tcp: lookup connect.ngrok-agent.com: no such host"
t=2026-09-11T03:09:39+0800 lvl=eror msg="failed to reconnect session" obj=tunnels.session err="failed to dial ngrok server with address \"connect.ngrok-agent.com:443\": dial tcp: lookup connect.ngrok-agent.com: no such host"
t=2026-09-11T03:10:09+0800 lvl=eror msg="failed to reconnect session" obj=tunnels.session err="failed to dial ngrok server with address \"connect.ngrok-agent.com:443\": dial tcp: lookup connect.ngrok-agent.com: no such host"
t=2026-09-11T03:10:39+0800 lvl=eror msg="failed to reconnect session" obj=tunnels.session err="failed to dial ngrok server with address \"connect.ngrok-agent.com:443\": dial tcp: lookup connect.ngrok-agent.com: no such host"
t=2026-09-11T03:11:09+0800 lvl=eror msg="failed to reconnect session" obj=tunnels.session err="failed to dial ngrok server with address \"connect.ngrok-agent.com:443\": dial tcp: lookup connect.ngrok-agent.com: no such host"
t=2026-09-11T03:11:39+0800 lvl=eror msg="failed to reconnect session" obj=tunnels.session err="failed to dial ngrok server with address \"connect.ngrok-agent.com:443\": dial tcp: lookup connect.ngrok-agent.com: no such host"
t=2026-09-11T03:12:09+0800 lvl=eror msg="failed to reconnect session" obj=tunnels.session err="failed to dial ngrok server with address \"connect.ngrok-agent.com:443\": dial tcp: lookup connect.ngrok-agent.com: no such host"
t=2026-09-11T03:12:39+0800 lvl=eror msg="failed to reconnect session" obj=tunnels.session err="failed to dial ngrok server with address \"connect.ngrok-agent.com:443\": dial tcp: lookup connect.ngrok-agent.com: no such host"
t=2026-09-11T03:13:09+0800 lvl=eror msg="failed to reconnect session" obj=tunnels.session err="failed to dial ngrok server with address \"connect.ngrok-agent.com:443\": dial tcp: lookup connect.ngrok-agent.com: no such host"
t=2026-09-11T03:13:39+0800 lvl=eror msg="failed to reconnect session" obj=tunnels.session err="failed to dial ngrok server with address \"connect.ngrok-agent.com:443\": dial tcp: lookup connect.ngrok-agent.com: no such host"
t=2026-09-11T03:14:09+0800 lvl=eror msg="failed to reconnect session" obj=tunnels.session err="failed to dial ngrok server with address \"connect.ngrok-agent.com:443\": dial tcp: lookup connect.ngrok-agent.com: no such host"
t=2026-09-11T03:14:39+0800 lvl=eror msg="failed to reconnect session" obj=tunnels.session err="failed to dial ngrok server with address \"connect.ngrok-agent.com:443\": dial tcp: lookup connect.ngrok-agent.com: no such host"
t=2026-09-11T03:15:09+0800 lvl=eror msg="failed to reconnect session" obj=tunnels.session err="failed to dial ngrok server with address \"connect.ngrok-agent.com:443\": dial tcp: lookup connect.ngrok-agent.com: no such host"
t=2026-09-11T03:15:39+0800 lvl=eror msg="failed to reconnect session" obj=tunnels.session err="failed to dial ngrok server with address \"connect.ngrok-agent.com:443\": dial tcp: lookup connect.ngrok-agent.com: no such host"
t=2026-09-11T03:16:09+0800 lvl=eror msg="failed to reconnect session" obj=tunnels.session err="failed to dial ngrok server with address \"connect.ngrok-agent.com:443\": dial tcp: lookup connect.ngrok-agent.com: no such host"
t=2026-09-11T03:16:39+0800 lvl=eror msg="failed to reconnect session" obj=tunnels.session err="failed to dial ngrok server with address \"connect.ngrok-agent.com:443\": dial tcp: lookup connect.ngrok-agent.com: no such host"
t=2026-09-11T03:17:09+0800 lvl=eror msg="failed to reconnect session" obj=tunnels.session err="failed to dial ngrok server with address \"connect.ngrok-agent.com:443\": dial tcp: lookup connect.ngrok-agent.com: no such host"
t=2026-09-11T03:17:39+0800 lvl=eror msg="failed to reconnect session" obj=tunnels.session err="failed to dial ngrok server with address \"connect.ngrok-agent.com:443\": dial tcp: lookup connect.ngrok-agent.com: no such host"
t=2026-09-11T03:18:09+0800 lvl=eror msg="failed to reconnect session" obj=tunnels.session err="failed to dial ngrok server with address \"connect.ngrok-agent.com:443\": dial tcp: lookup connect.ngrok-agent.com: no such host"
t=2026-09-11T03:18:39+0800 lvl=eror msg="failed to reconnect session" obj=tunnels.session err="failed to dial ngrok server with address \"connect.ngrok-agent.com:443\": dial tcp: lookup connect.ngrok-agent.com: no such host"
t=2026-09-11T03:19:09+0800 lvl=eror msg="failed to reconnect session" obj=tunnels.session err="failed to dial ngrok server with address \"connect.ngrok-agent.com:443\": dial tcp: lookup connect.ngrok-agent.com: no such host"
t=2026-09-11T03:19:39+0800 lvl=eror msg="failed to reconnect session" obj=tunnels.session err="failed to dial ngrok server with address \"connect.ngrok-agent.com:443\": dial tcp: lookup connect.ngrok-agent.com: no such host"
t=2026-09-11T03:20:09+0800 lvl=eror msg="failed to reconnect session" obj=tunnels.session err="failed to dial ngrok server with address \"connect.ngrok-agent.com:443\": dial tcp: lookup connect.ngrok-agent.com: no such host"
t=2026-09-11T03:20:39+0800 lvl=eror msg="failed to reconnect session" obj=tunnels.session err="failed to dial ngrok server with address \"connect.ngrok-agent.com:443\": dial tcp: lookup connect.ngrok-agent.com: no such host"
t=2026-09-11T03:21:09+0800 lvl=eror msg="failed to reconnect session" obj=tunnels.session err="failed to dial ngrok server with address \"connect.ngrok-agent.com:443\": dial tcp: lookup connect.ngrok-agent.com: no such host"
t=2026-09-11T03:21:39+0800 lvl=eror msg="failed to reconnect session" obj=tunnels.session err="failed to dial ngrok server with address \"connect.ngrok-agent.com:443\": dial tcp: lookup connect.ngrok-agent.com: no such host"
t=2026-09-11T03:22:09+0800 lvl=eror msg="failed to reconnect session" obj=tunnels.session err="failed to dial ngrok server with address \"connect.ngrok-agent.com:443\": dial tcp: lookup connect.ngrok-agent.com: no such host"
t=2026-09-11T03:22:39+0800 lvl=eror msg="failed to reconnect session" obj=tunnels.session err="failed to dial ngrok server with address \"connect.ngrok-agent.com:443\": dial tcp: lookup connect.ngrok-agent.com: no such host"
t=2026-09-11T03:23:09+0800 lvl=eror msg="failed to reconnect session" obj=tunnels.session err="failed to dial ngrok server with address \"connect.ngrok-agent.com:443\": dial tcp: lookup connect.ngrok-agent.com: no such host"
t=2026-09-11T03:23:39+0800 lvl=eror msg="failed to reconnect session" obj=tunnels.session err="failed to dial ngrok server with address \"connect.ngrok-agent.com:443\": dial tcp: lookup connect.ngrok-agent.com: no such host"
t=2026-09-11T03:24:09+0800 lvl=eror msg="failed to reconnect session" obj=tunnels.session err="failed to dial ngrok server with address \"connect.ngrok-agent.com:443\": dial tcp: lookup connect.ngrok-agent.com: no such host"
t=2026-09-11T03:24:39+0800 lvl=eror msg="failed to reconnect session" obj=tunnels.session err="failed to dial ngrok server with address \"connect.ngrok-agent.com:443\": dial tcp: lookup connect.ngrok-agent.com: no such host"
t=2026-09-11T03:25:09+0800 lvl=eror msg="failed to reconnect session" obj=tunnels.session err="failed to dial ngrok server with address \"connect.ngrok-agent.com:443\": dial tcp: lookup connect.ngrok-agent.com: no such host"
t=2026-09-11T03:25:39+0800 lvl=eror msg="failed to reconnect session" obj=tunnels.session err="failed to dial ngrok server with address \"connect.ngrok-agent.com:443\": dial tcp: lookup connect.ngrok-agent.com: no such host"
t=2026-09-11T03:26:09+0800 lvl=eror msg="failed to reconnect session" obj=tunnels.session err="failed to dial ngrok server with address \"connect.ngrok-agent.com:443\": dial tcp: lookup connect.ngrok-agent.com: no such host"
t=2026-09-11T03:26:39+0800 lvl=eror msg="failed to reconnect session" obj=tunnels.session err="failed to dial ngrok server with address \"connect.ngrok-agent.com:443\": dial tcp: lookup connect.ngrok-agent.com: no such host"
t=2026-09-11T03:27:09+0800 lvl=eror msg="failed to reconnect session" obj=tunnels.session err="failed to dial ngrok server with address \"connect.ngrok-agent.com:443\": dial tcp: lookup connect.ngrok-agent.com: no such host"
t=2026-09-11T03:27:39+0800 lvl=eror msg="failed to reconnect session" obj=tunnels.session err="failed to dial ngrok server with address \"connect.ngrok-agent.com:443\": dial tcp: lookup connect.ngrok-agent.com: no such host"
t=2026-09-11T03:28:09+0800 lvl=eror msg="failed to reconnect session" obj=tunnels.session err="failed to dial ngrok server with address \"connect.ngrok-agent.com:443\": dial tcp: lookup connect.ngrok-agent.com: no such host"
t=2026-09-11T03:28:39+0800 lvl=eror msg="failed to reconnect session" obj=tunnels.session err="failed to dial ngrok server with address \"connect.ngrok-agent.com:443\": dial tcp: lookup connect.ngrok-agent.com: no such host"
t=2026-09-11T03:29:09+0800 lvl=eror msg="failed to reconnect session" obj=tunnels.session err="failed to dial ngrok server with address \"connect.ngrok-agent.com:443\": dial tcp: lookup connect.ngrok-agent.com: no such host"
t=2026-09-11T03:29:39+0800 lvl=eror msg="failed to reconnect session" obj=tunnels.session err="failed to dial ngrok server with address \"connect.ngrok-agent.com:443\": dial tcp: lookup connect.ngrok-agent.com: no such host"
t=2026-09-11T03:30:09+0800 lvl=eror msg="failed to reconnect session" obj=tunnels.session err="failed to dial ngrok server with address \"connect.ngrok-agent.com:443\": dial tcp: lookup connect.ngrok-agent.com: no such host"
t=2026-09-11T03:30:39+0800 lvl=eror msg="failed to reconnect session" obj=tunnels.session err="failed to dial ngrok server with address \"connect.ngrok-agent.com:443\": dial tcp: lookup connect.ngrok-agent.com: no such host"
t=2026-09-11T03:31:09+0800 lvl=eror msg="failed to reconnect session" obj=tunnels.session err="failed to dial ngrok server with address \"connect.ngrok-agent.com:443\": dial tcp: lookup connect.ngrok-agent.com: no such host"
t=2026-09-11T03:31:39+0800 lvl=eror msg="failed to reconnect session" obj=tunnels.session err="failed to dial ngrok server with address \"connect.ngrok-agent.com:443\": dial tcp: lookup connect.ngrok-agent.com: no such host"
t=2026-09-11T03:32:09+0800 lvl=eror msg="failed to reconnect session" obj=tunnels.session err="failed to dial ngrok server with address \"connect.ngrok-agent.com:443\": dial tcp: lookup connect.ngrok-agent.com: no such host"
t=2026-09-11T03:32:39+0800 lvl=eror msg="failed to reconnect session" obj=tunnels.session err="failed to dial ngrok server with address \"connect.ngrok-agent.com:443\": dial tcp: lookup connect.ngrok-agent.com: no such host"
t=2026-09-11T03:33:09+0800 lvl=eror msg="failed to reconnect session" obj=tunnels.session err="failed to dial ngrok server with address \"connect.ngrok-agent.com:443\": dial tcp: lookup connect.ngrok-agent.com: no such host"
t=2026-09-11T03:33:39+0800 lvl=eror msg="failed to reconnect session" obj=tunnels.session err="failed to dial ngrok server with address \"connect.ngrok-agent.com:443\": dial tcp: lookup connect.ngrok-agent.com: no such host"
t=2026-09-11T03:34:09+0800 lvl=eror msg="failed to reconnect session" obj=tunnels.session err="failed to dial ngrok server with address \"connect.ngrok-agent.com:443\": dial tcp: lookup connect.ngrok-agent.com: no such host"
t=2026-09-11T03:34:39+0800 lvl=eror msg="failed to reconnect session" obj=tunnels.session err="failed to dial ngrok server with address \"connect.ngrok-agent.com:443\": dial tcp: lookup connect.ngrok-agent.com: no such host"
t=2026-09-11T03:35:09+0800 lvl=eror msg="failed to reconnect session" obj=tunnels.session err="failed to dial ngrok server with address \"connect.ngrok-agent.com:443\": dial tcp: lookup connect.ngrok-agent.com: no such host"
t=2026-09-11T03:35:39+0800 lvl=eror msg="failed to reconnect session" obj=tunnels.session err="failed to dial ngrok server with address \"connect.ngrok-agent.com:443\": dial tcp: lookup connect.ngrok-agent.com: no such host"
t=2026-09-11T03:36:09+0800 lvl=eror msg="failed to reconnect session" obj=tunnels.session err="failed to dial ngrok server with address \"connect.ngrok-agent.com:443\": dial tcp: lookup connect.ngrok-agent.com: no such host"
t=2026-09-11T03:36:39+0800 lvl=eror msg="failed to reconnect session" obj=tunnels.session err="failed to dial ngrok server with address \"connect.ngrok-agent.com:443\": dial tcp: lookup connect.ngrok-agent.com: no such host"
t=2026-09-11T03:37:09+0800 lvl=eror msg="failed to reconnect session" obj=tunnels.session err="failed to dial ngrok server with address \"connect.ngrok-agent.com:443\": dial tcp: lookup connect.ngrok-agent.com: no such host"
t=2026-09-11T03:37:39+0800 lvl=eror msg="failed to reconnect session" obj=tunnels.session err="failed to dial ngrok server with address \"connect.ngrok-agent.com:443\": dial tcp: lookup connect.ngrok-agent.com: no such host"
t=2026-09-11T03:38:09+0800 lvl=eror msg="failed to reconnect session" obj=tunnels.session err="failed to dial ngrok server with address \"connect.ngrok-agent.com:443\": dial tcp: lookup connect.ngrok-agent.com: no such host"
t=2026-09-11T03:38:39+0800 lvl=eror msg="failed to reconnect session" obj=tunnels.session err="failed to dial ngrok server with address \"connect.ngrok-agent.com:443\": dial tcp: lookup connect.ngrok-agent.com: no such host"
t=2026-09-11T03:39:09+0800 lvl=eror msg="failed to reconnect session" obj=tunnels.session err="failed to dial ngrok server with address \"connect.ngrok-agent.com:443\": dial tcp: lookup connect.ngrok-agent.com: no such host"
t=2026-09-11T03:39:39+0800 lvl=eror msg="failed to reconnect session" obj=tunnels.session err="failed to dial ngrok server with address \"connect.ngrok-agent.com:443\": dial tcp: lookup connect.ngrok-agent.com: no such host"
t=2026-09-11T03:40:09+0800 lvl=eror msg="failed to reconnect session" obj=tunnels.session err="failed to dial ngrok server with address \"connect.ngrok-agent.com:443\": dial tcp: lookup connect.ngrok-agent.com: no such host"
t=2026-09-11T03:40:39+0800 lvl=eror msg="failed to reconnect session" obj=tunnels.session err="failed to dial ngrok server with address \"connect.ngrok-agent.com:443\": dial tcp: lookup connect.ngrok-agent.com: no such host"
t=2026-09-11T03:41:09+0800 lvl=eror msg="failed to reconnect session" obj=tunnels.session err="failed to dial ngrok server with address \"connect.ngrok-agent.com:443\": dial tcp: lookup connect.ngrok-agent.com: no such host"
t=2026-09-11T03:41:39+0800 lvl=eror msg="failed to reconnect session" obj=tunnels.session err="failed to dial ngrok server with address \"connect.ngrok-agent.com:443\": dial tcp: lookup connect.ngrok-agent.com: no such host"
t=2026-09-11T03:42:09+0800 lvl=eror msg="failed to reconnect session" obj=tunnels.session err="failed to dial ngrok server with address \"connect.ngrok-agent.com:443\": dial tcp: lookup connect.ngrok-agent.com: no such host"
t=2026-09-11T03:42:39+0800 lvl=eror msg="failed to reconnect session" obj=tunnels.session err="failed to dial ngrok server with address \"connect.ngrok-agent.com:443\": dial tcp: lookup connect.ngrok-agent.com: no such host"
t=2026-09-11T03:43:09+0800 lvl=eror msg="failed to reconnect session" obj=tunnels.session err="failed to dial ngrok server with address \"connect.ngrok-agent.com:443\": dial tcp: lookup connect.ngrok-agent.com: no such host"
t=2026-09-11T03:43:39+0800 lvl=eror msg="failed to reconnect session" obj=tunnels.session err="failed to dial ngrok server with address \"connect.ngrok-agent.com:443\": dial tcp: lookup connect.ngrok-agent.com: no such host"
t=2026-09-11T03:44:09+0800 lvl=eror msg="failed to reconnect session" obj=tunnels.session err="failed to dial ngrok server with address \"connect.ngrok-agent.com:443\": dial tcp: lookup connect.ngrok-agent.com: no such host"
t=2026-09-11T03:44:39+0800 lvl=eror msg="failed to reconnect session" obj=tunnels.session err="failed to dial ngrok server with address \"connect.ngrok-agent.com:443\": dial tcp: lookup connect.ngrok-agent.com: no such host"
t=2026-09-11T03:45:09+0800 lvl=eror msg="failed to reconnect session" obj=tunnels.session err="failed to dial ngrok server with address \"connect.ngrok-agent.com:443\": dial tcp: lookup connect.ngrok-agent.com: no such host"
t=2026-09-11T03:45:39+0800 lvl=eror msg="failed to reconnect session" obj=tunnels.session err="failed to dial ngrok server with address \"connect.ngrok-agent.com:443\": dial tcp: lookup connect.ngrok-agent.com: no such host"
t=2026-09-11T03:46:09+0800 lvl=eror msg="failed to reconnect session" obj=tunnels.session err="failed to dial ngrok server with address \"connect.ngrok-agent.com:443\": dial tcp: lookup connect.ngrok-agent.com: no such host"
t=2026-09-11T03:46:39+0800 lvl=eror msg="failed to reconnect session" obj=tunnels.session err="failed to dial ngrok server with address \"connect.ngrok-agent.com:443\": dial tcp: lookup connect.ngrok-agent.com: no such host"
t=2026-09-11T03:47:09+0800 lvl=eror msg="failed to reconnect session" obj=tunnels.session err="failed to dial ngrok server with address \"connect.ngrok-agent.com:443\": dial tcp: lookup connect.ngrok-agent.com: no such host"
t=2026-09-11T03:47:39+0800 lvl=eror msg="failed to reconnect session" obj=tunnels.session err="failed to dial ngrok server with address \"connect.ngrok-agent.com:443\": dial tcp: lookup connect.ngrok-agent.com: no such host"
t=2026-09-11T03:48:09+0800 lvl=eror msg="failed to reconnect session" obj=tunnels.session err="failed to dial ngrok server with address \"connect.ngrok-agent.com:443\": dial tcp: lookup connect.ngrok-agent.com: no such host"
t=2026-09-11T03:48:39+0800 lvl=eror msg="failed to reconnect session" obj=tunnels.session err="failed to dial ngrok server with address \"connect.ngrok-agent.com:443\": dial tcp: lookup connect.ngrok-agent.com: no such host"
t=2026-09-11T03:49:09+0800 lvl=eror msg="failed to reconnect session" obj=tunnels.session err="failed to dial ngrok server with address \"connect.ngrok-agent.com:443\": dial tcp: lookup connect.ngrok-agent.com: no such host"
t=2026-09-11T03:49:39+0800 lvl=eror msg="failed to reconnect session" obj=tunnels.session err="failed to dial ngrok server with address \"connect.ngrok-agent.com:443\": dial tcp: lookup connect.ngrok-agent.com: no such host"
t=2026-09-11T03:50:09+0800 lvl=eror msg="failed to reconnect session" obj=tunnels.session err="failed to dial ngrok server with address \"connect.ngrok-agent.com:443\": dial tcp: lookup connect.ngrok-agent.com: no such host"
t=2026-09-11T03:50:39+0800 lvl=eror msg="failed to reconnect session" obj=tunnels.session err="failed to dial ngrok server with address \"connect.ngrok-agent.com:443\": dial tcp: lookup connect.ngrok-agent.com: no such host"
t=2026-09-11T03:51:09+0800 lvl=eror msg="failed to reconnect session" obj=tunnels.session err="failed to dial ngrok server with address \"connect.ngrok-agent.com:443\": dial tcp: lookup connect.ngrok-agent.com: no such host"
t=2026-09-11T03:51:39+0800 lvl=eror msg="failed to reconnect session" obj=tunnels.session err="failed to dial ngrok server with address \"connect.ngrok-agent.com:443\": dial tcp: lookup connect.ngrok-agent.com: no such host"
t=2026-09-11T03:52:09+0800 lvl=eror msg="failed to reconnect session" obj=tunnels.session err="failed to dial ngrok server with address \"connect.ngrok-agent.com:443\": dial tcp: lookup connect.ngrok-agent.com: no such host"
t=2026-09-11T03:52:39+0800 lvl=eror msg="failed to reconnect session" obj=tunnels.session err="failed to dial ngrok server with address \"connect.ngrok-agent.com:443\": dial tcp: lookup connect.ngrok-agent.com: no such host"
t=2026-09-11T03:53:09+0800 lvl=eror msg="failed to reconnect session" obj=tunnels.session err="failed to dial ngrok server with address \"connect.ngrok-agent.com:443\": dial tcp: lookup connect.ngrok-agent.com: no such host"
t=2026-09-11T03:53:39+0800 lvl=eror msg="failed to reconnect session" obj=tunnels.session err="failed to dial ngrok server with address \"connect.ngrok-agent.com:443\": dial tcp: lookup connect.ngrok-agent.com: no such host"
t=2026-09-11T03:54:09+0800 lvl=eror msg="failed to reconnect session" obj=tunnels.session err="failed to dial ngrok server with address \"connect.ngrok-agent.com:443\": dial tcp: lookup connect.ngrok-agent.com: no such host"
t=2026-09-11T03:54:39+0800 lvl=eror msg="failed to reconnect session" obj=tunnels.session err="failed to dial ngrok server with address \"connect.ngrok-agent.com:443\": dial tcp: lookup connect.ngrok-agent.com: no such host"
t=2026-09-11T03:55:09+0800 lvl=eror msg="failed to reconnect session" obj=tunnels.session err="failed to dial ngrok server with address \"connect.ngrok-agent.com:443\": dial tcp: lookup connect.ngrok-agent.com: no such host"
t=2026-09-11T03:55:40+0800 lvl=eror msg="failed to reconnect session" obj=tunnels.session err="failed to dial ngrok server with address \"connect.ngrok-agent.com:443\": dial tcp: lookup connect.ngrok-agent.com: no such host"
t=2026-09-11T03:56:10+0800 lvl=eror msg="failed to reconnect session" obj=tunnels.session err="failed to dial ngrok server with address \"connect.ngrok-agent.com:443\": dial tcp: lookup connect.ngrok-agent.com: no such host"
t=2026-09-11T03:56:40+0800 lvl=eror msg="failed to reconnect session" obj=tunnels.session err="failed to dial ngrok server with address \"connect.ngrok-agent.com:443\": dial tcp: lookup connect.ngrok-agent.com: no such host"
t=2026-09-11T03:57:10+0800 lvl=eror msg="failed to reconnect session" obj=tunnels.session err="failed to dial ngrok server with address \"connect.ngrok-agent.com:443\": dial tcp: lookup connect.ngrok-agent.com: no such host"
t=2026-09-11T03:57:40+0800 lvl=eror msg="failed to reconnect session" obj=tunnels.session err="failed to dial ngrok server with address \"connect.ngrok-agent.com:443\": dial tcp: lookup connect.ngrok-agent.com: no such host"
t=2026-09-11T03:58:10+0800 lvl=eror msg="failed to reconnect session" obj=tunnels.session err="failed to dial ngrok server with address \"connect.ngrok-agent.com:443\": dial tcp: lookup connect.ngrok-agent.com: no such host"
t=2026-09-11T03:58:40+0800 lvl=eror msg="failed to reconnect session" obj=tunnels.session err="failed to dial ngrok server with address \"connect.ngrok-agent.com:443\": dial tcp: lookup connect.ngrok-agent.com: no such host"
t=2026-09-11T03:59:10+0800 lvl=eror msg="failed to reconnect session" obj=tunnels.session err="failed to dial ngrok server with address \"connect.ngrok-agent.com:443\": dial tcp: lookup connect.ngrok-agent.com: no such host"
t=2026-09-11T03:59:40+0800 lvl=eror msg="failed to reconnect session" obj=tunnels.session err="failed to dial ngrok server with address \"connect.ngrok-agent.com:443\": dial tcp: lookup connect.ngrok-agent.com: no such host"
t=2026-09-11T04:00:10+0800 lvl=eror msg="failed to reconnect session" obj=tunnels.session err="failed to dial ngrok server with address \"connect.ngrok-agent.com:443\": dial tcp: lookup connect.ngrok-agent.com: no such host"
t=2026-09-11T04:00:40+0800 lvl=eror msg="failed to reconnect session" obj=tunnels.session err="failed to dial ngrok server with address \"connect.ngrok-agent.com:443\": dial tcp: lookup connect.ngrok-agent.com: no such host"
t=2026-09-11T04:01:10+0800 lvl=eror msg="failed to reconnect session" obj=tunnels.session err="failed to dial ngrok server with address \"connect.ngrok-agent.com:443\": dial tcp: lookup connect.ngrok-agent.com: no such host"
t=2026-09-11T04:01:40+0800 lvl=eror msg="failed to reconnect session" obj=tunnels.session err="failed to dial ngrok server with address \"connect.ngrok-agent.com:443\": dial tcp: lookup connect.ngrok-agent.com: no such host"
t=2026-09-11T04:02:10+0800 lvl=eror msg="failed to reconnect session" obj=tunnels.session err="failed to dial ngrok server with address \"connect.ngrok-agent.com:443\": dial tcp: lookup connect.ngrok-agent.com: no such host"
t=2026-09-11T04:02:40+0800 lvl=eror msg="failed to reconnect session" obj=tunnels.session err="failed to dial ngrok server with address \"connect.ngrok-agent.com:443\": dial tcp: lookup connect.ngrok-agent.com: no such host"
t=2026-09-11T04:03:10+0800 lvl=eror msg="failed to reconnect session" obj=tunnels.session err="failed to dial ngrok server with address \"connect.ngrok-agent.com:443\": dial tcp: lookup connect.ngrok-agent.com: no such host"
t=2026-09-11T04:03:40+0800 lvl=eror msg="failed to reconnect session" obj=tunnels.session err="failed to dial ngrok server with address \"connect.ngrok-agent.com:443\": dial tcp: lookup connect.ngrok-agent.com: no such host"
t=2026-09-11T04:04:10+0800 lvl=eror msg="failed to reconnect session" obj=tunnels.session err="failed to dial ngrok server with address \"connect.ngrok-agent.com:443\": dial tcp: lookup connect.ngrok-agent.com: no such host"
t=2026-09-11T04:04:40+0800 lvl=eror msg="failed to reconnect session" obj=tunnels.session err="failed to dial ngrok server with address \"connect.ngrok-agent.com:443\": dial tcp: lookup connect.ngrok-agent.com: no such host"
t=2026-09-11T04:05:10+0800 lvl=eror msg="failed to reconnect session" obj=tunnels.session err="failed to dial ngrok server with address \"connect.ngrok-agent.com:443\": dial tcp: lookup connect.ngrok-agent.com: no such host"
t=2026-09-11T04:05:40+0800 lvl=eror msg="failed to reconnect session" obj=tunnels.session err="failed to dial ngrok server with address \"connect.ngrok-agent.com:443\": dial tcp: lookup connect.ngrok-agent.com: no such host"
t=2026-09-11T04:06:10+0800 lvl=eror msg="failed to reconnect session" obj=tunnels.session err="failed to dial ngrok server with address \"connect.ngrok-agent.com:443\": dial tcp: lookup connect.ngrok-agent.com: no such host"
t=2026-09-11T04:06:40+0800 lvl=eror msg="failed to reconnect session" obj=tunnels.session err="failed to dial ngrok server with address \"connect.ngrok-agent.com:443\": dial tcp: lookup connect.ngrok-agent.com: no such host"
t=2026-09-11T04:07:10+0800 lvl=eror msg="failed to reconnect session" obj=tunnels.session err="failed to dial ngrok server with address \"connect.ngrok-agent.com:443\": dial tcp: lookup connect.ngrok-agent.com: no such host"
t=2026-09-11T04:07:40+0800 lvl=eror msg="failed to reconnect session" obj=tunnels.session err="failed to dial ngrok server with address \"connect.ngrok-agent.com:443\": dial tcp: lookup connect.ngrok-agent.com: no such host"
t=2026-09-11T04:08:10+0800 lvl=eror msg="failed to reconnect session" obj=tunnels.session err="failed to dial ngrok server with address \"connect.ngrok-agent.com:443\": dial tcp: lookup connect.ngrok-agent.com: no such host"
t=2026-09-11T04:08:40+0800 lvl=eror msg="failed to reconnect session" obj=tunnels.session err="failed to dial ngrok server with address \"connect.ngrok-agent.com:443\": dial tcp: lookup connect.ngrok-agent.com: no such host"
t=2026-09-11T04:09:10+0800 lvl=eror msg="failed to reconnect session" obj=tunnels.session err="failed to dial ngrok server with address \"connect.ngrok-agent.com:443\": dial tcp: lookup connect.ngrok-agent.com: no such host"
t=2026-09-11T04:09:40+0800 lvl=eror msg="failed to reconnect session" obj=tunnels.session err="failed to dial ngrok server with address \"connect.ngrok-agent.com:443\": dial tcp: lookup connect.ngrok-agent.com: no such host"
t=2026-09-11T04:10:10+0800 lvl=eror msg="failed to reconnect session" obj=tunnels.session err="failed to dial ngrok server with address \"connect.ngrok-agent.com:443\": dial tcp: lookup connect.ngrok-agent.com: no such host"
t=2026-09-11T04:10:40+0800 lvl=eror msg="failed to reconnect session" obj=tunnels.session err="failed to dial ngrok server with address \"connect.ngrok-agent.com:443\": dial tcp: lookup connect.ngrok-agent.com: no such host"
t=2026-09-11T04:11:10+0800 lvl=eror msg="failed to reconnect session" obj=tunnels.session err="failed to dial ngrok server with address \"connect.ngrok-agent.com:443\": dial tcp: lookup connect.ngrok-agent.com: no such host"
t=2026-09-11T04:11:40+0800 lvl=eror msg="failed to reconnect session" obj=tunnels.session err="failed to dial ngrok server with address \"connect.ngrok-agent.com:443\": dial tcp: lookup connect.ngrok-agent.com: no such host"
t=2026-09-11T04:12:10+0800 lvl=eror msg="failed to reconnect session" obj=tunnels.session err="failed to dial ngrok server with address \"connect.ngrok-agent.com:443\": dial tcp: lookup connect.ngrok-agent.com: no such host"
t=2026-09-11T04:12:40+0800 lvl=eror msg="failed to reconnect session" obj=tunnels.session err="failed to dial ngrok server with address \"connect.ngrok-agent.com:443\": dial tcp: lookup connect.ngrok-agent.com: no such host"
t=2026-09-11T04:13:10+0800 lvl=eror msg="failed to reconnect session" obj=tunnels.session err="failed to dial ngrok server with address \"connect.ngrok-agent.com:443\": dial tcp: lookup connect.ngrok-agent.com: no such host"
t=2026-09-11T04:13:40+0800 lvl=eror msg="failed to reconnect session" obj=tunnels.session err="failed to dial ngrok server with address \"connect.ngrok-agent.com:443\": dial tcp: lookup connect.ngrok-agent.com: no such host"
t=2026-09-11T04:14:10+0800 lvl=eror msg="failed to reconnect session" obj=tunnels.session err="failed to dial ngrok server with address \"connect.ngrok-agent.com:443\": dial tcp: lookup connect.ngrok-agent.com: no such host"
t=2026-09-11T04:14:40+0800 lvl=eror msg="failed to reconnect session" obj=tunnels.session err="failed to dial ngrok server with address \"connect.ngrok-agent.com:443\": dial tcp: lookup connect.ngrok-agent.com: no such host"
t=2026-09-11T04:15:10+0800 lvl=eror msg="failed to reconnect session" obj=tunnels.session err="failed to dial ngrok server with address \"connect.ngrok-agent.com:443\": dial tcp: lookup connect.ngrok-agent.com: no such host"
t=2026-09-11T04:15:40+0800 lvl=eror msg="failed to reconnect session" obj=tunnels.session err="failed to dial ngrok server with address \"connect.ngrok-agent.com:443\": dial tcp: lookup connect.ngrok-agent.com: no such host"
t=2026-09-11T04:16:10+0800 lvl=eror msg="failed to reconnect session" obj=tunnels.session err="failed to dial ngrok server with address \"connect.ngrok-agent.com:443\": dial tcp: lookup connect.ngrok-agent.com: no such host"
t=2026-09-11T04:16:40+0800 lvl=eror msg="failed to reconnect session" obj=tunnels.session err="failed to dial ngrok server with address \"connect.ngrok-agent.com:443\": dial tcp: lookup connect.ngrok-agent.com: no such host"
t=2026-09-11T04:17:10+0800 lvl=eror msg="failed to reconnect session" obj=tunnels.session err="failed to dial ngrok server with address \"connect.ngrok-agent.com:443\": dial tcp: lookup connect.ngrok-agent.com: no such host"
t=2026-09-11T04:17:40+0800 lvl=eror msg="failed to reconnect session" obj=tunnels.session err="failed to dial ngrok server with address \"connect.ngrok-agent.com:443\": dial tcp: lookup connect.ngrok-agent.com: no such host"
t=2026-09-11T04:18:10+0800 lvl=eror msg="failed to reconnect session" obj=tunnels.session err="failed to dial ngrok server with address \"connect.ngrok-agent.com:443\": dial tcp: lookup connect.ngrok-agent.com: no such host"
t=2026-09-11T04:18:40+0800 lvl=eror msg="failed to reconnect session" obj=tunnels.session err="failed to dial ngrok server with address \"connect.ngrok-agent.com:443\": dial tcp: lookup connect.ngrok-agent.com: no such host"
t=2026-09-11T04:19:10+0800 lvl=eror msg="failed to reconnect session" obj=tunnels.session err="failed to dial ngrok server with address \"connect.ngrok-agent.com:443\": dial tcp: lookup connect.ngrok-agent.com: no such host"
t=2026-09-11T04:19:40+0800 lvl=eror msg="failed to reconnect session" obj=tunnels.session err="failed to dial ngrok server with address \"connect.ngrok-agent.com:443\": dial tcp: lookup connect.ngrok-agent.com: no such host"
t=2026-09-11T04:20:10+0800 lvl=eror msg="failed to reconnect session" obj=tunnels.session err="failed to dial ngrok server with address \"connect.ngrok-agent.com:443\": dial tcp: lookup connect.ngrok-agent.com: no such host"
t=2026-09-11T04:20:40+0800 lvl=eror msg="failed to reconnect session" obj=tunnels.session err="failed to dial ngrok server with address \"connect.ngrok-agent.com:443\": dial tcp: lookup connect.ngrok-agent.com: no such host"
t=2026-09-11T04:21:10+0800 lvl=eror msg="failed to reconnect session" obj=tunnels.session err="failed to dial ngrok server with address \"connect.ngrok-agent.com:443\": dial tcp: lookup connect.ngrok-agent.com: no such host"
t=2026-09-11T04:21:40+0800 lvl=eror msg="failed to reconnect session" obj=tunnels.session err="failed to dial ngrok server with address \"connect.ngrok-agent.com:443\": dial tcp: lookup connect.ngrok-agent.com: no such host"
t=2026-09-11T04:22:10+0800 lvl=eror msg="failed to reconnect session" obj=tunnels.session err="failed to dial ngrok server with address \"connect.ngrok-agent.com:443\": dial tcp: lookup connect.ngrok-agent.com: no such host"
t=2026-09-11T04:22:40+0800 lvl=eror msg="failed to reconnect session" obj=tunnels.session err="failed to dial ngrok server with address \"connect.ngrok-agent.com:443\": dial tcp: lookup connect.ngrok-agent.com: no such host"
t=2026-09-11T04:23:10+0800 lvl=eror msg="failed to reconnect session" obj=tunnels.session err="failed to dial ngrok server with address \"connect.ngrok-agent.com:443\": dial tcp: lookup connect.ngrok-agent.com: no such host"
t=2026-09-11T04:23:40+0800 lvl=eror msg="failed to reconnect session" obj=tunnels.session err="failed to dial ngrok server with address \"connect.ngrok-agent.com:443\": dial tcp: lookup connect.ngrok-agent.com: no such host"
t=2026-09-11T04:24:10+0800 lvl=eror msg="failed to reconnect session" obj=tunnels.session err="failed to dial ngrok server with address \"connect.ngrok-agent.com:443\": dial tcp: lookup connect.ngrok-agent.com: no such host"
t=2026-09-11T04:24:40+0800 lvl=eror msg="failed to reconnect session" obj=tunnels.session err="failed to dial ngrok server with address \"connect.ngrok-agent.com:443\": dial tcp: lookup connect.ngrok-agent.com: no such host"
t=2026-09-11T04:25:10+0800 lvl=eror msg="failed to reconnect session" obj=tunnels.session err="failed to dial ngrok server with address \"connect.ngrok-agent.com:443\": dial tcp: lookup connect.ngrok-agent.com: no such host"
t=2026-09-11T04:25:40+0800 lvl=eror msg="failed to reconnect session" obj=tunnels.session err="failed to dial ngrok server with address \"connect.ngrok-agent.com:443\": dial tcp: lookup connect.ngrok-agent.com: no such host"
t=2026-09-11T04:26:10+0800 lvl=eror msg="failed to reconnect session" obj=tunnels.session err="failed to dial ngrok server with address \"connect.ngrok-agent.com:443\": dial tcp: lookup connect.ngrok-agent.com: no such host"
t=2026-09-11T04:26:40+0800 lvl=eror msg="failed to reconnect session" obj=tunnels.session err="failed to dial ngrok server with address \"connect.ngrok-agent.com:443\": dial tcp: lookup connect.ngrok-agent.com: no such host"
t=2026-09-11T04:27:10+0800 lvl=eror msg="failed to reconnect session" obj=tunnels.session err="failed to dial ngrok server with address \"connect.ngrok-agent.com:443\": dial tcp: lookup connect.ngrok-agent.com: no such host"
t=2026-09-11T04:27:40+0800 lvl=eror msg="failed to reconnect session" obj=tunnels.session err="failed to dial ngrok server with address \"connect.ngrok-agent.com:443\": dial tcp: lookup connect.ngrok-agent.com: no such host"
t=2026-09-11T04:28:10+0800 lvl=eror msg="failed to reconnect session" obj=tunnels.session err="failed to dial ngrok server with address \"connect.ngrok-agent.com:443\": dial tcp: lookup connect.ngrok-agent.com: no such host"
t=2026-09-11T04:28:40+0800 lvl=eror msg="failed to reconnect session" obj=tunnels.session err="failed to dial ngrok server with address \"connect.ngrok-agent.com:443\": dial tcp: lookup connect.ngrok-agent.com: no such host"
t=2026-09-11T04:29:10+0800 lvl=eror msg="failed to reconnect session" obj=tunnels.session err="failed to dial ngrok server with address \"connect.ngrok-agent.com:443\": dial tcp: lookup connect.ngrok-agent.com: no such host"
t=2026-09-11T04:29:40+0800 lvl=eror msg="failed to reconnect session" obj=tunnels.session err="failed to dial ngrok server with address \"connect.ngrok-agent.com:443\": dial tcp: lookup connect.ngrok-agent.com: no such host"
t=2026-09-11T04:30:10+0800 lvl=eror msg="failed to reconnect session" obj=tunnels.session err="failed to dial ngrok server with address \"connect.ngrok-agent.com:443\": dial tcp: lookup connect.ngrok-agent.com: no such host"
t=2026-09-11T04:30:40+0800 lvl=eror msg="failed to reconnect session" obj=tunnels.session err="failed to dial ngrok server with address \"connect.ngrok-agent.com:443\": dial tcp: lookup connect.ngrok-agent.com: no such host"
t=2026-09-11T04:31:10+0800 lvl=eror msg="failed to reconnect session" obj=tunnels.session err="failed to dial ngrok server with address \"connect.ngrok-agent.com:443\": dial tcp: lookup connect.ngrok-agent.com: no such host"
t=2026-09-11T04:31:40+0800 lvl=eror msg="failed to reconnect session" obj=tunnels.session err="failed to dial ngrok server with address \"connect.ngrok-agent.com:443\": dial tcp: lookup connect.ngrok-agent.com: no such host"
t=2026-09-11T04:32:10+0800 lvl=eror msg="failed to reconnect session" obj=tunnels.session err="failed to dial ngrok server with address \"connect.ngrok-agent.com:443\": dial tcp: lookup connect.ngrok-agent.com: no such host"
t=2026-09-11T04:32:41+0800 lvl=eror msg="failed to reconnect session" obj=tunnels.session err="failed to dial ngrok server with address \"connect.ngrok-agent.com:443\": dial tcp: lookup connect.ngrok-agent.com: no such host"
t=2026-09-11T04:33:11+0800 lvl=eror msg="failed to reconnect session" obj=tunnels.session err="failed to dial ngrok server with address \"connect.ngrok-agent.com:443\": dial tcp: lookup connect.ngrok-agent.com: no such host"
t=2026-09-11T04:33:41+0800 lvl=eror msg="failed to reconnect session" obj=tunnels.session err="failed to dial ngrok server with address \"connect.ngrok-agent.com:443\": dial tcp: lookup connect.ngrok-agent.com: no such host"
t=2026-09-11T04:34:11+0800 lvl=eror msg="failed to reconnect session" obj=tunnels.session err="failed to dial ngrok server with address \"connect.ngrok-agent.com:443\": dial tcp: lookup connect.ngrok-agent.com: no such host"
t=2026-09-11T04:34:41+0800 lvl=eror msg="failed to reconnect session" obj=tunnels.session err="failed to dial ngrok server with address \"connect.ngrok-agent.com:443\": dial tcp: lookup connect.ngrok-agent.com: no such host"
t=2026-09-11T04:35:11+0800 lvl=eror msg="failed to reconnect session" obj=tunnels.session err="failed to dial ngrok server with address \"connect.ngrok-agent.com:443\": dial tcp: lookup connect.ngrok-agent.com: no such host"
t=2026-09-11T04:35:41+0800 lvl=eror msg="failed to reconnect session" obj=tunnels.session err="failed to dial ngrok server with address \"connect.ngrok-agent.com:443\": dial tcp: lookup connect.ngrok-agent.com: no such host"
t=2026-09-11T04:36:11+0800 lvl=eror msg="failed to reconnect session" obj=tunnels.session err="failed to dial ngrok server with address \"connect.ngrok-agent.com:443\": dial tcp: lookup connect.ngrok-agent.com: no such host"
t=2026-09-11T04:36:42+0800 lvl=info msg="client session established" obj=tunnels.session
t=2026-09-11T04:36:42+0800 lvl=info msg="tunnel session started" obj=tunnels.session
t=2026-09-12T02:50:34+0800 lvl=eror msg="heartbeat timeout, terminating session" obj=tunnels.session id=206786e9d720 clientid=124fef86456a3051f51981a511bb7bac obj=csess
t=2026-09-12T02:50:34+0800 lvl=eror msg="session closed, starting reconnect loop" obj=tunnels.session obj=csess id=f9ce2c14de62 err="session closed"
t=2026-09-12T02:50:36+0800 lvl=eror msg="failed to reconnect session" obj=tunnels.session err="failed to dial ngrok server with address \"connect.ngrok-agent.com:443\": dial tcp: lookup connect.ngrok-agent.com: no such host"
t=2026-09-12T02:50:37+0800 lvl=eror msg="failed to reconnect session" obj=tunnels.session err="failed to dial ngrok server with address \"connect.ngrok-agent.com:443\": dial tcp: lookup connect.ngrok-agent.com: no such host"
t=2026-09-12T02:50:38+0800 lvl=eror msg="failed to reconnect session" obj=tunnels.session err="failed to dial ngrok server with address \"connect.ngrok-agent.com:443\": dial tcp: lookup connect.ngrok-agent.com: no such host"
t=2026-09-12T02:50:43+0800 lvl=eror msg="failed to reconnect session" obj=tunnels.session err="failed to dial ngrok server with address \"connect.ngrok-agent.com:443\": dial tcp: lookup connect.ngrok-agent.com: no such host"
t=2026-09-12T02:50:47+0800 lvl=eror msg="failed to reconnect session" obj=tunnels.session err="failed to dial ngrok server with address \"connect.ngrok-agent.com:443\": dial tcp: lookup connect.ngrok-agent.com: no such host"
t=2026-09-12T02:50:55+0800 lvl=eror msg="failed to reconnect session" obj=tunnels.session err="failed to dial ngrok server with address \"connect.ngrok-agent.com:443\": dial tcp: lookup connect.ngrok-agent.com: no such host"
t=2026-09-12T02:51:11+0800 lvl=eror msg="failed to reconnect session" obj=tunnels.session err="failed to dial ngrok server with address \"connect.ngrok-agent.com:443\": dial tcp: lookup connect.ngrok-agent.com: no such host"
t=2026-09-12T02:51:41+0800 lvl=eror msg="failed to reconnect session" obj=tunnels.session err="failed to dial ngrok server with address \"connect.ngrok-agent.com:443\": dial tcp: lookup connect.ngrok-agent.com: no such host"
t=2026-09-12T07:32:59+0800 lvl=eror msg="failed to reconnect session" obj=tunnels.session err="failed to dial ngrok server with address \"connect.ngrok-agent.com:443\": dial tcp: lookup connect.ngrok-agent.com: no such host"
t=2026-09-12T07:33:13+0800 lvl=warn msg="failed to check for update" obj=updater err="Post \"https://update.ngrok-agent.com/check\": context deadline exceeded"
t=2026-09-12T07:33:30+0800 lvl=eror msg="failed to reconnect session" obj=tunnels.session err="failed to dial ngrok server with address \"connect.ngrok-agent.com:443\": dial tcp: lookup connect.ngrok-agent.com: no such host"
t=2026-09-12T07:34:00+0800 lvl=eror msg="failed to reconnect session" obj=tunnels.session err="failed to dial ngrok server with address \"connect.ngrok-agent.com:443\": dial tcp: lookup connect.ngrok-agent.com: no such host"
t=2026-09-12T07:34:30+0800 lvl=eror msg="failed to reconnect session" obj=tunnels.session err="failed to dial ngrok server with address \"connect.ngrok-agent.com:443\": dial tcp: lookup connect.ngrok-agent.com: no such host"
t=2026-09-12T07:35:00+0800 lvl=eror msg="failed to reconnect session" obj=tunnels.session err="failed to dial ngrok server with address \"connect.ngrok-agent.com:443\": dial tcp: lookup connect.ngrok-agent.com: no such host"
t=2026-09-12T07:35:30+0800 lvl=eror msg="failed to reconnect session" obj=tunnels.session err="failed to dial ngrok server with address \"connect.ngrok-agent.com:443\": dial tcp: lookup connect.ngrok-agent.com: no such host"
t=2026-09-12T07:36:00+0800 lvl=eror msg="failed to reconnect session" obj=tunnels.session err="failed to dial ngrok server with address \"connect.ngrok-agent.com:443\": dial tcp: lookup connect.ngrok-agent.com: no such host"
t=2026-09-12T07:36:30+0800 lvl=eror msg="failed to reconnect session" obj=tunnels.session err="failed to dial ngrok server with address \"connect.ngrok-agent.com:443\": dial tcp: lookup connect.ngrok-agent.com: no such host"
t=2026-09-12T07:37:00+0800 lvl=eror msg="failed to reconnect session" obj=tunnels.session err="failed to dial ngrok server with address \"connect.ngrok-agent.com:443\": dial tcp: lookup connect.ngrok-agent.com: no such host"
t=2026-09-12T07:37:30+0800 lvl=eror msg="failed to reconnect session" obj=tunnels.session err="failed to dial ngrok server with address \"connect.ngrok-agent.com:443\": dial tcp: lookup connect.ngrok-agent.com: no such host"
t=2026-09-12T07:38:00+0800 lvl=eror msg="failed to reconnect session" obj=tunnels.session err="failed to dial ngrok server with address \"connect.ngrok-agent.com:443\": dial tcp: lookup connect.ngrok-agent.com: no such host"
t=2026-09-12T07:38:30+0800 lvl=eror msg="failed to reconnect session" obj=tunnels.session err="failed to dial ngrok server with address \"connect.ngrok-agent.com:443\": dial tcp: lookup connect.ngrok-agent.com: no such host"
t=2026-09-12T07:39:00+0800 lvl=eror msg="failed to reconnect session" obj=tunnels.session err="failed to dial ngrok server with address \"connect.ngrok-agent.com:443\": dial tcp: lookup connect.ngrok-agent.com: no such host"
t=2026-09-12T07:39:30+0800 lvl=eror msg="failed to reconnect session" obj=tunnels.session err="failed to dial ngrok server with address \"connect.ngrok-agent.com:443\": dial tcp: lookup connect.ngrok-agent.com: no such host"
t=2026-09-12T07:40:00+0800 lvl=eror msg="failed to reconnect session" obj=tunnels.session err="failed to dial ngrok server with address \"connect.ngrok-agent.com:443\": dial tcp: lookup connect.ngrok-agent.com: no such host"
t=2026-09-12T07:40:31+0800 lvl=info msg="client session established" obj=tunnels.session
t=2026-09-12T07:40:31+0800 lvl=info msg="tunnel session started" obj=tunnels.session
t=2026-09-12T10:20:53+0800 lvl=eror msg="heartbeat timeout, terminating session" obj=tunnels.session clientid=124fef86456a3051f51981a511bb7bac obj=csess id=c08293a64bb2
t=2026-09-12T10:21:03+0800 lvl=eror msg="session closed, starting reconnect loop" obj=tunnels.session obj=csess id=f9ce2c14de62 err="session closed"
t=2026-09-12T10:21:05+0800 lvl=eror msg="failed to reconnect session" obj=tunnels.session err="failed to dial ngrok server with address \"connect.ngrok-agent.com:443\": dial tcp: lookup connect.ngrok-agent.com: no such host"
t=2026-09-12T10:21:05+0800 lvl=eror msg="failed to reconnect session" obj=tunnels.session err="failed to dial ngrok server with address \"connect.ngrok-agent.com:443\": dial tcp: lookup connect.ngrok-agent.com: no such host"
t=2026-09-12T10:21:06+0800 lvl=eror msg="failed to reconnect session" obj=tunnels.session err="failed to dial ngrok server with address \"connect.ngrok-agent.com:443\": dial tcp: lookup connect.ngrok-agent.com: no such host"
t=2026-09-12T10:21:09+0800 lvl=eror msg="failed to reconnect session" obj=tunnels.session err="failed to dial ngrok server with address \"connect.ngrok-agent.com:443\": dial tcp: lookup connect.ngrok-agent.com: no such host"
t=2026-09-12T10:21:13+0800 lvl=eror msg="failed to reconnect session" obj=tunnels.session err="failed to dial ngrok server with address \"connect.ngrok-agent.com:443\": dial tcp: lookup connect.ngrok-agent.com: no such host"
t=2026-09-12T10:21:21+0800 lvl=eror msg="failed to reconnect session" obj=tunnels.session err="failed to dial ngrok server with address \"connect.ngrok-agent.com:443\": dial tcp: lookup connect.ngrok-agent.com: no such host"
t=2026-09-12T10:21:37+0800 lvl=eror msg="failed to reconnect session" obj=tunnels.session err="failed to dial ngrok server with address \"connect.ngrok-agent.com:443\": dial tcp: lookup connect.ngrok-agent.com: no such host"
t=2026-09-12T10:22:08+0800 lvl=info msg="client session established" obj=tunnels.session
t=2026-09-12T10:22:08+0800 lvl=info msg="tunnel session started" obj=tunnels.session
t=2026-09-12T10:37:36+0800 lvl=eror msg="heartbeat timeout, terminating session" obj=tunnels.session obj=csess id=118d917cae33 clientid=124fef86456a3051f51981a511bb7bac
t=2026-09-12T10:37:36+0800 lvl=eror msg="session closed, starting reconnect loop" obj=tunnels.session id=f9ce2c14de62 err="session closed" obj=csess
t=2026-09-12T10:37:37+0800 lvl=eror msg="failed to reconnect session" obj=tunnels.session err="failed to dial ngrok server with address \"connect.ngrok-agent.com:443\": dial tcp: lookup connect.ngrok-agent.com: no such host"
t=2026-09-12T10:37:38+0800 lvl=eror msg="failed to reconnect session" obj=tunnels.session err="failed to dial ngrok server with address \"connect.ngrok-agent.com:443\": dial tcp: lookup connect.ngrok-agent.com: no such host"
t=2026-09-12T10:37:44+0800 lvl=info msg="client session established" obj=tunnels.session
t=2026-09-12T10:37:44+0800 lvl=info msg="tunnel session started" obj=tunnels.session
t=2026-09-12T10:54:19+0800 lvl=eror msg="heartbeat timeout, terminating session" obj=tunnels.session obj=csess id=511bc3754893 clientid=124fef86456a3051f51981a511bb7bac
t=2026-09-12T10:54:19+0800 lvl=eror msg="session closed, starting reconnect loop" obj=tunnels.session obj=csess id=f9ce2c14de62 err="session closed"
t=2026-09-12T10:54:29+0800 lvl=info msg="client session established" obj=tunnels.session
t=2026-09-12T10:54:29+0800 lvl=info msg="tunnel session started" obj=tunnels.session
t=2026-09-12T11:02:19+0800 lvl=eror msg="heartbeat timeout, terminating session" obj=tunnels.session id=5fdd1e5a13be clientid=124fef86456a3051f51981a511bb7bac obj=csess
t=2026-09-12T11:02:19+0800 lvl=eror msg="session closed, starting reconnect loop" obj=tunnels.session obj=csess id=f9ce2c14de62 err="session closed"
t=2026-09-12T11:02:19+0800 lvl=eror msg="failed to reconnect session" obj=tunnels.session err="failed to dial ngrok server with address \"connect.ngrok-agent.com:443\": dial tcp: lookup connect.ngrok-agent.com: no such host"
t=2026-09-12T11:02:20+0800 lvl=eror msg="failed to reconnect session" obj=tunnels.session err="failed to dial ngrok server with address \"connect.ngrok-agent.com:443\": dial tcp: lookup connect.ngrok-agent.com: no such host"
t=2026-09-12T11:02:21+0800 lvl=eror msg="failed to reconnect session" obj=tunnels.session err="failed to dial ngrok server with address \"connect.ngrok-agent.com:443\": dial tcp: lookup connect.ngrok-agent.com: no such host"
t=2026-09-12T11:02:23+0800 lvl=eror msg="failed to reconnect session" obj=tunnels.session err="failed to dial ngrok server with address \"connect.ngrok-agent.com:443\": dial tcp: lookup connect.ngrok-agent.com: no such host"
t=2026-09-12T11:02:27+0800 lvl=eror msg="failed to reconnect session" obj=tunnels.session err="failed to dial ngrok server with address \"connect.ngrok-agent.com:443\": dial tcp: lookup connect.ngrok-agent.com: no such host"
t=2026-09-12T11:02:35+0800 lvl=eror msg="failed to reconnect session" obj=tunnels.session err="failed to dial ngrok server with address \"connect.ngrok-agent.com:443\": dial tcp: lookup connect.ngrok-agent.com: no such host"
t=2026-09-12T11:02:51+0800 lvl=eror msg="failed to reconnect session" obj=tunnels.session err="failed to dial ngrok server with address \"connect.ngrok-agent.com:443\": dial tcp: lookup connect.ngrok-agent.com: no such host"
t=2026-09-12T11:03:21+0800 lvl=eror msg="failed to reconnect session" obj=tunnels.session err="failed to dial ngrok server with address \"connect.ngrok-agent.com:443\": dial tcp: lookup connect.ngrok-agent.com: no such host"
t=2026-09-12T11:03:51+0800 lvl=eror msg="failed to reconnect session" obj=tunnels.session err="failed to dial ngrok server with address \"connect.ngrok-agent.com:443\": dial tcp: lookup connect.ngrok-agent.com: no such host"
t=2026-09-12T11:04:21+0800 lvl=eror msg="failed to reconnect session" obj=tunnels.session err="failed to dial ngrok server with address \"connect.ngrok-agent.com:443\": dial tcp: lookup connect.ngrok-agent.com: no such host"
t=2026-09-12T11:04:51+0800 lvl=eror msg="failed to reconnect session" obj=tunnels.session err="failed to dial ngrok server with address \"connect.ngrok-agent.com:443\": dial tcp: lookup connect.ngrok-agent.com: no such host"
t=2026-09-12T11:05:21+0800 lvl=eror msg="failed to reconnect session" obj=tunnels.session err="failed to dial ngrok server with address \"connect.ngrok-agent.com:443\": dial tcp: lookup connect.ngrok-agent.com: no such host"
t=2026-09-12T11:05:51+0800 lvl=eror msg="failed to reconnect session" obj=tunnels.session err="failed to dial ngrok server with address \"connect.ngrok-agent.com:443\": dial tcp: lookup connect.ngrok-agent.com: no such host"
t=2026-09-12T11:06:21+0800 lvl=eror msg="failed to reconnect session" obj=tunnels.session err="failed to dial ngrok server with address \"connect.ngrok-agent.com:443\": dial tcp: lookup connect.ngrok-agent.com: no such host"
t=2026-09-12T11:06:51+0800 lvl=eror msg="failed to reconnect session" obj=tunnels.session err="failed to dial ngrok server with address \"connect.ngrok-agent.com:443\": dial tcp: lookup connect.ngrok-agent.com: no such host"
t=2026-09-12T11:07:21+0800 lvl=eror msg="failed to reconnect session" obj=tunnels.session err="failed to dial ngrok server with address \"connect.ngrok-agent.com:443\": dial tcp: lookup connect.ngrok-agent.com: no such host"
t=2026-09-12T11:07:51+0800 lvl=eror msg="failed to reconnect session" obj=tunnels.session err="failed to dial ngrok server with address \"connect.ngrok-agent.com:443\": dial tcp: lookup connect.ngrok-agent.com: no such host"
t=2026-09-12T11:08:21+0800 lvl=eror msg="failed to reconnect session" obj=tunnels.session err="failed to dial ngrok server with address \"connect.ngrok-agent.com:443\": dial tcp: lookup connect.ngrok-agent.com: no such host"
t=2026-09-12T11:08:51+0800 lvl=eror msg="failed to reconnect session" obj=tunnels.session err="failed to dial ngrok server with address \"connect.ngrok-agent.com:443\": dial tcp: lookup connect.ngrok-agent.com: no such host"
t=2026-09-12T11:09:21+0800 lvl=eror msg="failed to reconnect session" obj=tunnels.session err="failed to dial ngrok server with address \"connect.ngrok-agent.com:443\": dial tcp: lookup connect.ngrok-agent.com: no such host"
t=2026-09-12T14:09:47+0800 lvl=eror msg="failed to reconnect session" obj=tunnels.session err="failed to dial ngrok server with address \"connect.ngrok-agent.com:443\": dial tcp: lookup connect.ngrok-agent.com: no such host"
t=2026-09-12T14:09:49+0800 lvl=warn msg="failed to check for update" obj=updater err="Post \"https://update.ngrok-agent.com/check\": dial tcp: lookup update.ngrok-agent.com: no such host"
t=2026-09-12T21:49:55+0800 lvl=eror msg="failed to reconnect session" obj=tunnels.session err="failed to dial ngrok server with address \"connect.ngrok-agent.com:443\": dial tcp: lookup connect.ngrok-agent.com: no such host"
t=2026-09-12T21:50:15+0800 lvl=warn msg="failed to check for update" obj=updater err="Post \"https://update.ngrok-agent.com/check\": context deadline exceeded"
t=2026-09-12T21:50:25+0800 lvl=eror msg="failed to reconnect session" obj=tunnels.session err="failed to dial ngrok server with address \"connect.ngrok-agent.com:443\": dial tcp: lookup connect.ngrok-agent.com: no such host"
t=2026-09-12T21:50:56+0800 lvl=eror msg="failed to reconnect session" obj=tunnels.session err="failed to dial ngrok server with address \"connect.ngrok-agent.com:443\": dial tcp: lookup connect.ngrok-agent.com: no such host"
t=2026-09-12T21:51:26+0800 lvl=eror msg="failed to reconnect session" obj=tunnels.session err="failed to dial ngrok server with address \"connect.ngrok-agent.com:443\": dial tcp: lookup connect.ngrok-agent.com: no such host"
t=2026-09-12T21:51:56+0800 lvl=eror msg="failed to reconnect session" obj=tunnels.session err="failed to dial ngrok server with address \"connect.ngrok-agent.com:443\": dial tcp: lookup connect.ngrok-agent.com: no such host"
t=2026-09-12T21:52:26+0800 lvl=eror msg="failed to reconnect session" obj=tunnels.session err="failed to dial ngrok server with address \"connect.ngrok-agent.com:443\": dial tcp: lookup connect.ngrok-agent.com: no such host"
t=2026-09-12T21:52:56+0800 lvl=eror msg="failed to reconnect session" obj=tunnels.session err="failed to dial ngrok server with address \"connect.ngrok-agent.com:443\": dial tcp: lookup connect.ngrok-agent.com: no such host"
t=2026-09-12T21:53:26+0800 lvl=eror msg="failed to reconnect session" obj=tunnels.session err="failed to dial ngrok server with address \"connect.ngrok-agent.com:443\": dial tcp: lookup connect.ngrok-agent.com: no such host"
t=2026-09-12T21:53:56+0800 lvl=eror msg="failed to reconnect session" obj=tunnels.session err="failed to dial ngrok server with address \"connect.ngrok-agent.com:443\": dial tcp: lookup connect.ngrok-agent.com: no such host"
t=2026-09-12T21:54:26+0800 lvl=eror msg="failed to reconnect session" obj=tunnels.session err="failed to dial ngrok server with address \"connect.ngrok-agent.com:443\": dial tcp: lookup connect.ngrok-agent.com: no such host"
t=2026-09-12T21:54:56+0800 lvl=eror msg="failed to reconnect session" obj=tunnels.session err="failed to dial ngrok server with address \"connect.ngrok-agent.com:443\": dial tcp: lookup connect.ngrok-agent.com: no such host"
t=2026-09-12T21:55:26+0800 lvl=eror msg="failed to reconnect session" obj=tunnels.session err="failed to dial ngrok server with address \"connect.ngrok-agent.com:443\": dial tcp: lookup connect.ngrok-agent.com: no such host"
t=2026-09-12T21:55:56+0800 lvl=eror msg="failed to reconnect session" obj=tunnels.session err="failed to dial ngrok server with address \"connect.ngrok-agent.com:443\": dial tcp: lookup connect.ngrok-agent.com: no such host"
t=2026-09-12T21:56:30+0800 lvl=info msg="client session established" obj=tunnels.session
t=2026-09-12T21:56:30+0800 lvl=info msg="tunnel session started" obj=tunnels.session
t=2026-09-13T03:39:25+0800 lvl=eror msg="heartbeat timeout, terminating session" obj=tunnels.session id=675575d0abf6 clientid=124fef86456a3051f51981a511bb7bac obj=csess
t=2026-09-13T03:39:27+0800 lvl=eror msg="session closed, starting reconnect loop" obj=tunnels.session obj=csess id=f9ce2c14de62 err="session closed"
t=2026-09-13T03:39:29+0800 lvl=eror msg="failed to reconnect session" obj=tunnels.session err="failed to dial ngrok server with address \"connect.ngrok-agent.com:443\": dial tcp: lookup connect.ngrok-agent.com: no such host"
t=2026-09-13T03:39:30+0800 lvl=eror msg="failed to reconnect session" obj=tunnels.session err="failed to dial ngrok server with address \"connect.ngrok-agent.com:443\": dial tcp: lookup connect.ngrok-agent.com: no such host"
t=2026-09-13T03:39:31+0800 lvl=eror msg="failed to reconnect session" obj=tunnels.session err="failed to dial ngrok server with address \"connect.ngrok-agent.com:443\": dial tcp: lookup connect.ngrok-agent.com: no such host"
t=2026-09-13T03:39:34+0800 lvl=eror msg="failed to reconnect session" obj=tunnels.session err="failed to dial ngrok server with address \"connect.ngrok-agent.com:443\": dial tcp: lookup connect.ngrok-agent.com: no such host"
t=2026-09-13T03:39:39+0800 lvl=eror msg="failed to reconnect session" obj=tunnels.session err="failed to dial ngrok server with address \"connect.ngrok-agent.com:443\": dial tcp: lookup connect.ngrok-agent.com: no such host"
t=2026-09-13T03:39:47+0800 lvl=eror msg="failed to reconnect session" obj=tunnels.session err="failed to dial ngrok server with address \"connect.ngrok-agent.com:443\": dial tcp: lookup connect.ngrok-agent.com: no such host"
t=2026-09-13T03:40:03+0800 lvl=eror msg="failed to reconnect session" obj=tunnels.session err="failed to dial ngrok server with address \"connect.ngrok-agent.com:443\": dial tcp: lookup connect.ngrok-agent.com: no such host"
t=2026-09-13T03:40:33+0800 lvl=eror msg="failed to reconnect session" obj=tunnels.session err="failed to dial ngrok server with address \"connect.ngrok-agent.com:443\": dial tcp: lookup connect.ngrok-agent.com: no such host"
t=2026-09-13T09:29:57+0800 lvl=eror msg="failed to reconnect session" obj=tunnels.session err="failed to dial ngrok server with address \"connect.ngrok-agent.com:443\": dial tcp: lookup connect.ngrok-agent.com: no such host"
t=2026-09-13T09:30:26+0800 lvl=warn msg="failed to check for update" obj=updater err="Post \"https://update.ngrok-agent.com/check\": context deadline exceeded"
t=2026-09-13T09:30:27+0800 lvl=eror msg="failed to reconnect session" obj=tunnels.session err="failed to dial ngrok server with address \"connect.ngrok-agent.com:443\": dial tcp: lookup connect.ngrok-agent.com: no such host"
t=2026-09-13T09:30:57+0800 lvl=eror msg="failed to reconnect session" obj=tunnels.session err="failed to dial ngrok server with address \"connect.ngrok-agent.com:443\": dial tcp: lookup connect.ngrok-agent.com: no such host"
t=2026-09-13T09:31:27+0800 lvl=eror msg="failed to reconnect session" obj=tunnels.session err="failed to dial ngrok server with address \"connect.ngrok-agent.com:443\": dial tcp: lookup connect.ngrok-agent.com: no such host"
t=2026-09-13T09:31:57+0800 lvl=eror msg="failed to reconnect session" obj=tunnels.session err="failed to dial ngrok server with address \"connect.ngrok-agent.com:443\": dial tcp: lookup connect.ngrok-agent.com: no such host"
t=2026-09-13T09:32:27+0800 lvl=eror msg="failed to reconnect session" obj=tunnels.session err="failed to dial ngrok server with address \"connect.ngrok-agent.com:443\": dial tcp: lookup connect.ngrok-agent.com: no such host"
t=2026-09-13T09:32:57+0800 lvl=eror msg="failed to reconnect session" obj=tunnels.session err="failed to dial ngrok server with address \"connect.ngrok-agent.com:443\": dial tcp: lookup connect.ngrok-agent.com: no such host"
t=2026-09-13T09:33:27+0800 lvl=eror msg="failed to reconnect session" obj=tunnels.session err="failed to dial ngrok server with address \"connect.ngrok-agent.com:443\": dial tcp: lookup connect.ngrok-agent.com: no such host"
t=2026-09-13T09:33:57+0800 lvl=eror msg="failed to reconnect session" obj=tunnels.session err="failed to dial ngrok server with address \"connect.ngrok-agent.com:443\": dial tcp: lookup connect.ngrok-agent.com: no such host"
t=2026-09-13T09:34:27+0800 lvl=eror msg="failed to reconnect session" obj=tunnels.session err="failed to dial ngrok server with address \"connect.ngrok-agent.com:443\": dial tcp: lookup connect.ngrok-agent.com: no such host"
t=2026-09-13T09:34:57+0800 lvl=eror msg="failed to reconnect session" obj=tunnels.session err="failed to dial ngrok server with address \"connect.ngrok-agent.com:443\": dial tcp: lookup connect.ngrok-agent.com: no such host"
t=2026-09-13T09:35:27+0800 lvl=eror msg="failed to reconnect session" obj=tunnels.session err="failed to dial ngrok server with address \"connect.ngrok-agent.com:443\": dial tcp: lookup connect.ngrok-agent.com: no such host"
t=2026-09-13T09:35:57+0800 lvl=eror msg="failed to reconnect session" obj=tunnels.session err="failed to dial ngrok server with address \"connect.ngrok-agent.com:443\": dial tcp: lookup connect.ngrok-agent.com: no such host"
t=2026-09-13T09:36:27+0800 lvl=eror msg="failed to reconnect session" obj=tunnels.session err="failed to dial ngrok server with address \"connect.ngrok-agent.com:443\": dial tcp: lookup connect.ngrok-agent.com: no such host"
t=2026-09-13T09:36:57+0800 lvl=eror msg="failed to reconnect session" obj=tunnels.session err="failed to dial ngrok server with address \"connect.ngrok-agent.com:443\": dial tcp: lookup connect.ngrok-agent.com: no such host"
t=2026-09-13T09:37:27+0800 lvl=eror msg="failed to reconnect session" obj=tunnels.session err="failed to dial ngrok server with address \"connect.ngrok-agent.com:443\": dial tcp: lookup connect.ngrok-agent.com: no such host"
t=2026-09-13T09:37:57+0800 lvl=eror msg="failed to reconnect session" obj=tunnels.session err="failed to dial ngrok server with address \"connect.ngrok-agent.com:443\": dial tcp: lookup connect.ngrok-agent.com: no such host"
t=2026-09-13T09:38:27+0800 lvl=eror msg="failed to reconnect session" obj=tunnels.session err="failed to dial ngrok server with address \"connect.ngrok-agent.com:443\": dial tcp: lookup connect.ngrok-agent.com: no such host"
t=2026-09-13T09:38:57+0800 lvl=eror msg="failed to reconnect session" obj=tunnels.session err="failed to dial ngrok server with address \"connect.ngrok-agent.com:443\": dial tcp: lookup connect.ngrok-agent.com: no such host"
t=2026-09-13T09:39:27+0800 lvl=eror msg="failed to reconnect session" obj=tunnels.session err="failed to dial ngrok server with address \"connect.ngrok-agent.com:443\": dial tcp: lookup connect.ngrok-agent.com: no such host"
t=2026-09-13T09:39:57+0800 lvl=eror msg="failed to reconnect session" obj=tunnels.session err="failed to dial ngrok server with address \"connect.ngrok-agent.com:443\": dial tcp: lookup connect.ngrok-agent.com: no such host"
t=2026-09-13T09:40:27+0800 lvl=eror msg="failed to reconnect session" obj=tunnels.session err="failed to dial ngrok server with address \"connect.ngrok-agent.com:443\": dial tcp: lookup connect.ngrok-agent.com: no such host"
t=2026-09-13T09:40:57+0800 lvl=eror msg="failed to reconnect session" obj=tunnels.session err="failed to dial ngrok server with address \"connect.ngrok-agent.com:443\": dial tcp: lookup connect.ngrok-agent.com: no such host"
t=2026-09-13T09:41:27+0800 lvl=eror msg="failed to reconnect session" obj=tunnels.session err="failed to dial ngrok server with address \"connect.ngrok-agent.com:443\": dial tcp: lookup connect.ngrok-agent.com: no such host"
t=2026-09-13T09:41:57+0800 lvl=eror msg="failed to reconnect session" obj=tunnels.session err="failed to dial ngrok server with address \"connect.ngrok-agent.com:443\": dial tcp: lookup connect.ngrok-agent.com: no such host"
t=2026-09-13T09:42:27+0800 lvl=eror msg="failed to reconnect session" obj=tunnels.session err="failed to dial ngrok server with address \"connect.ngrok-agent.com:443\": dial tcp: lookup connect.ngrok-agent.com: no such host"
t=2026-09-13T09:42:57+0800 lvl=eror msg="failed to reconnect session" obj=tunnels.session err="failed to dial ngrok server with address \"connect.ngrok-agent.com:443\": dial tcp: lookup connect.ngrok-agent.com: no such host"
t=2026-09-13T09:43:27+0800 lvl=eror msg="failed to reconnect session" obj=tunnels.session err="failed to dial ngrok server with address \"connect.ngrok-agent.com:443\": dial tcp: lookup connect.ngrok-agent.com: no such host"
t=2026-09-13T09:43:58+0800 lvl=eror msg="failed to reconnect session" obj=tunnels.session err="failed to dial ngrok server with address \"connect.ngrok-agent.com:443\": dial tcp: lookup connect.ngrok-agent.com: no such host"
t=2026-09-13T09:44:28+0800 lvl=eror msg="failed to reconnect session" obj=tunnels.session err="failed to dial ngrok server with address \"connect.ngrok-agent.com:443\": dial tcp: lookup connect.ngrok-agent.com: no such host"
t=2026-09-13T09:44:58+0800 lvl=eror msg="failed to reconnect session" obj=tunnels.session err="failed to dial ngrok server with address \"connect.ngrok-agent.com:443\": dial tcp: lookup connect.ngrok-agent.com: no such host"
t=2026-09-13T09:53:10+0800 lvl=eror msg="failed to reconnect session" obj=tunnels.session err="failed to dial ngrok server with address \"connect.ngrok-agent.com:443\": dial tcp: lookup connect.ngrok-agent.com: no such host"
t=2026-09-13T09:53:40+0800 lvl=eror msg="failed to reconnect session" obj=tunnels.session err="failed to dial ngrok server with address \"connect.ngrok-agent.com:443\": dial tcp: lookup connect.ngrok-agent.com: no such host"
t=2026-09-13T09:54:11+0800 lvl=info msg="client session established" obj=tunnels.session
t=2026-09-13T09:54:11+0800 lvl=info msg="tunnel session started" obj=tunnels.session
